#,A,C,D,E,F,G,H,I,K,L,M,N,P,Q,R,S,T,V,W,Y
1M,0,0,0,0,0,0,0,0,0,0,0.0,0,0,0,0,0,0,0,0,0
2S,0,0,0,0,0,0,0,0,0,0,0,0,0,0,0,0.0,0,0,0,0
3D,0,0,0.0,0,0,0,0,0,0,0,0,0,0,0,0,0,0,0,0,0
4L,0,0,0,0,0,0,0,0,0,0.0,0,0,0,0,0,0,0,0,0,0
5V,0,0,0,0,0,0,0,0,0,0,0,0,0,0,0,0,0,0.0,0,0
6L,0,0,0,0,0,0,0,0,0,0.04576883310322513,0,0,0,0,0,0,0,0,0,0
7G,0,0,0,0,0,0.30914532052570626,0,0,0,0,0,0,0,0,0,0,0,0,0,0
8L,0,0,0,0,0,0,0,0,0,0.0,0,0,0,0,0,0,0,0,0,0
9D,0,0,0.0,0,0,0,0,0,0,0,0,0,0,0,0,0,0,0,0,0
10I,0,0,0,0,0,0,0,0.0,0,0,0,0,0,0,0,0,0,0,0,0
11G,0,0,0,0,0,0.15410377156112884,0,0,0,0,0,0,0,0,0,0,0,0,0,0
12I,0,0,0,0,0,0,0,0.0,0,0,0,0,0,0,0,0,0,0,0,0
13G,0,0,0,0,0,0.8437704702296631,0,0,0,0,0,0,0,0,0,0,0,0,0,0
14S,0,0,0,0,0,0,0,0,0,0,0,0,0,0,0,0.0,0,0,0,0
15V,0,0,0,0,0,0,0,0,0,0,0,0,0,0,0,0,0,0.0,0,0
16G,0,0,0,0,0,0.0,0,0,0,0,0,0,0,0,0,0,0,0,0,0
17V,0,0,0,0,0,0,0,0,0,0,0,0,0,0,0,0,0,0.0,0,0
18G,0,0,0,0,0,0.013986782924450707,0,0,0,0,0,0,0,0,0,0,0,0,0,0
19I,0,0,0,0,0,0,0,0.0,0,0,0,0,0,0,0,0,0,0,0,0
20L,0,0,0,0,0,0,0,0,0,0.04619793988864476,0,0,0,0,0,0,0,0,0,0
21N,0,0,0,0,0,0,0,0,0,0,0,0.0,0,0,0,0,0,0,0,0
22K,0,0,0,0,0,0,0,0,0.0,0,0,0,0,0,0,0,0,0,0,0
23V,0,0,0,0,0,0,0,0,0,0,0,0,0,0,0,0,0,0.0,0,0
24T,0,0,0,0,0,0,0,0,0,0,0,0,0,0,0,0,0.0,0,0,0
25G,0,0,0,0,0,0.0,0,0,0,0,0,0,0,0,0,0,0,0,0,0
26E,0,0,0,0.0,0,0,0,0,0,0,0,0,0,0,0,0,0,0,0,0
27I,0,0,0,0,0,0,0,0.0,0,0,0,0,0,0,0,0,0,0,0,0
28I,0,0,0,0,0,0,0,0.0,0,0,0,0,0,0,0,0,0,0,0,0
29H,0,0,0,0,0,0,0.0,0,0,0,0,0,0,0,0,0,0,0,0,0
30K,0,0,0,0,0,0,0,0,0.0,0,0,0,0,0,0,0,0,0,0,0
31N,0,0,0,0,0,0,0,0,0,0,0,0.0,0,0,0,0,0,0,0,0
32S,0,0,0,0,0,0,0,0,0,0,0,0,0,0,0,0.0,0,0,0,0
33R,0,0,0,0,0,0,0,0,0,0,0,0,0,0,0.0,0,0,0,0,0
34I,0,0,0,0,0,0,0,0.0,0,0,0,0,0,0,0,0,0,0,0,0
35F,0,0,0,0,0.0,0,0,0,0,0,0,0,0,0,0,0,0,0,0,0
36P,0,0,0,0,0,0,0,0,0,0,0,0,0.0,0,0,0,0,0,0,0
37A,0.0,0,0,0,0,0,0,0,0,0,0,0,0,0,0,0,0,0,0,0
38A,0.0,0,0,0,0,0,0,0,0,0,0,0,0,0,0,0,0,0,0,0
39Q,0,0,0,0,0,0,0,0,0,0,0,0,0,0.0,0,0,0,0,0,0
40A,0.0,0,0,0,0,0,0,0,0,0,0,0,0,0,0,0,0,0,0,0
41E,0,0,0,0.0,0,0,0,0,0,0,0,0,0,0,0,0,0,0,0,0
42N,0,0,0,0,0,0,0,0,0,0,0,0.0,0,0,0,0,0,0,0,0
43N,0,0,0,0,0,0,0,0,0,0,0,0.0,0,0,0,0,0,0,0,0
44L,0,0,0,0,0,0,0,0,0,0.0,0,0,0,0,0,0,0,0,0,0
45V,0,0,0,0,0,0,0,0,0,0,0,0,0,0,0,0,0,0.0,0,0
46R,0,0,0,0,0,0,0,0,0,0,0,0,0,0,0.0,0,0,0,0,0
47R,0,0,0,0,0,0,0,0,0,0,0,0,0,0,0.0,0,0,0,0,0
48T,0,0,0,0,0,0,0,0,0,0,0,0,0,0,0,0,0.0,0,0,0
49N,0,0,0,0,0,0,0,0,0,0,0,0.0,0,0,0,0,0,0,0,0
50R,0,0,0,0,0,0,0,0,0,0,0,0,0,0,0.0,0,0,0,0,0
51Q,0,0,0,0,0,0,0,0,0,0,0,0,0,0.0,0,0,0,0,0,0
52G,0,0,0,0,0,0.0,0,0,0,0,0,0,0,0,0,0,0,0,0,0
53R,0,0,0,0,0,0,0,0,0,0,0,0,0,0,0.0,0,0,0,0,0
54R,0,0,0,0,0,0,0,0,0,0,0,0,0,0,0.0,0,0,0,0,0
55L,0,0,0,0,0,0,0,0,0,0.0,0,0,0,0,0,0,0,0,0,0
56A,0.0,0,0,0,0,0,0,0,0,0,0,0,0,0,0,0,0,0,0,0
57R,0,0,0,0,0,0,0,0,0,0,0,0,0,0,0.0,0,0,0,0,0
58R,0,0,0,0,0,0,0,0,0,0,0,0,0,0,0.0,0,0,0,0,0
59K,0,0,0,0,0,0,0,0,0.0,0,0,0,0,0,0,0,0,0,0,0
60K,0,0,0,0,0,0,0,0,0.0,0,0,0,0,0,0,0,0,0,0,0
61H,0,0,0,0,0,0,0.0,0,0,0,0,0,0,0,0,0,0,0,0,0
62R,0,0,0,0,0,0,0,0,0,0,0,0,0,0,0.0,0,0,0,0,0
63R,0,0,0,0,0,0,0,0,0,0,0,0,0,0,0.0,0,0,0,0,0
64V,0,0,0,0,0,0,0,0,0,0,0,0,0,0,0,0,0,0.0,0,0
65R,0,0,0,0,0,0,0,0,0,0,0,0,0,0,0.0,0,0,0,0,0
66L,0,0,0,0,0,0,0,0,0,0.0,0,0,0,0,0,0,0,0,0,0
67N,0,0,0,0,0,0,0,0,0,0,0,0.0,0,0,0,0,0,0,0,0
68R,0,0,0,0,0,0,0,0,0,0,0,0,0,0,0.0,0,0,0,0,0
69L,0,0,0,0,0,0,0,0,0,0.0,0,0,0,0,0,0,0,0,0,0
70F,0,0,0,0,0.0,0,0,0,0,0,0,0,0,0,0,0,0,0,0,0
71E,0,0,0,0.0,0,0,0,0,0,0,0,0,0,0,0,0,0,0,0,0
72E,0,0,0,0.0,0,0,0,0,0,0,0,0,0,0,0,0,0,0,0,0
73S,0,0,0,0,0,0,0,0,0,0,0,0,0,0,0,0.0,0,0,0,0
74G,0,0,0,0,0,0.0,0,0,0,0,0,0,0,0,0,0,0,0,0,0
75L,0,0,0,0,0,0,0,0,0,0.0,0,0,0,0,0,0,0,0,0,0
76I,0,0,0,0,0,0,0,0.0,0,0,0,0,0,0,0,0,0,0,0,0
77T,0,0,0,0,0,0,0,0,0,0,0,0,0,0,0,0,0.0,0,0,0
78D,0,0,0.0,0,0,0,0,0,0,0,0,0,0,0,0,0,0,0,0,0
79F,0,0,0,0,0.0,0,0,0,0,0,0,0,0,0,0,0,0,0,0,0
80T,0,0,0,0,0,0,0,0,0,0,0,0,0,0,0,0,0.0,0,0,0
81K,0,0,0,0,0,0,0,0,0.0,0,0,0,0,0,0,0,0,0,0,0
82I,0,0,0,0,0,0,0,0.0,0,0,0,0,0,0,0,0,0,0,0,0
83S,0,0,0,0,0,0,0,0,0,0,0,0,0,0,0,0.0,0,0,0,0
84I,0,0,0,0,0,0,0,0.0,0,0,0,0,0,0,0,0,0,0,0,0
85N,0,0,0,0,0,0,0,0,0,0,0,0.0,0,0,0,0,0,0,0,0
86L,0,0,0,0,0,0,0,0,0,0.0,0,0,0,0,0,0,0,0,0,0
87N,0,0,0,0,0,0,0,0,0,0,0,0.0,0,0,0,0,0,0,0,0
88P,0,0,0,0,0,0,0,0,0,0,0,0,0.0,0,0,0,0,0,0,0
89Y,0,0,0,0,0,0,0,0,0,0,0,0,0,0,0,0,0,0,0,0.0
90Q,0,0,0,0,0,0,0,0,0,0,0,0,0,0.0,0,0,0,0,0,0
91L,0,0,0,0,0,0,0,0,0,0.0,0,0,0,0,0,0,0,0,0,0
92R,0,0,0,0,0,0,0,0,0,0,0,0,0,0,0.0,0,0,0,0,0
93V,0,0,0,0,0,0,0,0,0,0,0,0,0,0,0,0,0,0.0,0,0
94K,0,0,0,0,0,0,0,0,0.0,0,0,0,0,0,0,0,0,0,0,0
95G,0,0,0,0,0,0.0,0,0,0,0,0,0,0,0,0,0,0,0,0,0
96L,0,0,0,0,0,0,0,0,0,0.0,0,0,0,0,0,0,0,0,0,0
97T,0,0,0,0,0,0,0,0,0,0,0,0,0,0,0,0,0.0,0,0,0
98D,0,0,0.0,0,0,0,0,0,0,0,0,0,0,0,0,0,0,0,0,0
99E,0,0,0,0.0,0,0,0,0,0,0,0,0,0,0,0,0,0,0,0,0
100L,0,0,0,0,0,0,0,0,0,0.0,0,0,0,0,0,0,0,0,0,0
101S,0,0,0,0,0,0,0,0,0,0,0,0,0,0,0,0.0,0,0,0,0
102N,0,0,0,0,0,0,0,0,0,0,0,0.0,0,0,0,0,0,0,0,0
103E,0,0,0,0.0,0,0,0,0,0,0,0,0,0,0,0,0,0,0,0,0
104E,0,0,0,0.0,0,0,0,0,0,0,0,0,0,0,0,0,0,0,0,0
105L,0,0,0,0,0,0,0,0,0,0.0,0,0,0,0,0,0,0,0,0,0
106F,0,0,0,0,0.0,0,0,0,0,0,0,0,0,0,0,0,0,0,0,0
107I,0,0,0,0,0,0,0,0.0,0,0,0,0,0,0,0,0,0,0,0,0
108A,0.0,0,0,0,0,0,0,0,0,0,0,0,0,0,0,0,0,0,0,0
109L,0,0,0,0,0,0,0,0,0,0.0,0,0,0,0,0,0,0,0,0,0
110K,0,0,0,0,0,0,0,0,0.0,0,0,0,0,0,0,0,0,0,0,0
111N,0,0,0,0,0,0,0,0,0,0,0,0.0,0,0,0,0,0,0,0,0
112M,0,0,0,0,0,0,0,0,0,0,0.0,0,0,0,0,0,0,0,0,0
113V,0,0,0,0,0,0,0,0,0,0,0,0,0,0,0,0,0,0.0,0,0
114K,0,0,0,0,0,0,0,0,0.0,0,0,0,0,0,0,0,0,0,0,0
115H,0,0,0,0,0,0,0.0,0,0,0,0,0,0,0,0,0,0,0,0,0
116R,0,0,0,0,0,0,0,0,0,0,0,0,0,0,0.0,0,0,0,0,0
117G,0,0,0,0,0,0.0,0,0,0,0,0,0,0,0,0,0,0,0,0,0
118I,0,0,0,0,0,0,0,0.0,0,0,0,0,0,0,0,0,0,0,0,0
119S,0,0,0,0,0,0,0,0,0,0,0,0,0,0,0,0.0,0,0,0,0
120Y,0,0,0,0,0,0,0,0,0,0,0,0,0,0,0,0,0,0,0,0.0
121L,0,0,0,0,0,0,0,0,0,0.0,0,0,0,0,0,0,0,0,0,0
122D,0,0,0.0,0,0,0,0,0,0,0,0,0,0,0,0,0,0,0,0,0
123D,0,0,0.0,0,0,0,0,0,0,0,0,0,0,0,0,0,0,0,0,0
124A,0.0,0,0,0,0,0,0,0,0,0,0,0,0,0,0,0,0,0,0,0
125S,0,0,0,0,0,0,0,0,0,0,0,0,0,0,0,0.0,0,0,0,0
126D,0,0,0.0,0,0,0,0,0,0,0,0,0,0,0,0,0,0,0,0,0
127D,0,0,0.0,0,0,0,0,0,0,0,0,0,0,0,0,0,0,0,0,0
128G,0,0,0,0,0,0.0,0,0,0,0,0,0,0,0,0,0,0,0,0,0
129N,0,0,0,0,0,0,0,0,0,0,0,0.0,0,0,0,0,0,0,0,0
130S,0,0,0,0,0,0,0,0,0,0,0,0,0,0,0,0.0,0,0,0,0
131S,0,0,0,0,0,0,0,0,0,0,0,0,0,0,0,0.0,0,0,0,0
132V,0,0,0,0,0,0,0,0,0,0,0,0,0,0,0,0,0,0.0,0,0
133G,0,0,0,0,0,0.0,0,0,0,0,0,0,0,0,0,0,0,0,0,0
134D,0,0,0.0,0,0,0,0,0,0,0,0,0,0,0,0,0,0,0,0,0
135Y,0,0,0,0,0,0,0,0,0,0,0,0,0,0,0,0,0,0,0,0.0
136A,0.0,0,0,0,0,0,0,0,0,0,0,0,0,0,0,0,0,0,0,0
137Q,0,0,0,0,0,0,0,0,0,0,0,0,0,0.0,0,0,0,0,0,0
138I,0,0,0,0,0,0,0,0.0,0,0,0,0,0,0,0,0,0,0,0,0
139V,0,0,0,0,0,0,0,0,0,0,0,0,0,0,0,0,0,0.0,0,0
140K,0,0,0,0,0,0,0,0,0.0,0,0,0,0,0,0,0,0,0,0,0
141E,0,0,0,0.0,0,0,0,0,0,0,0,0,0,0,0,0,0,0,0,0
142N,0,0,0,0,0,0,0,0,0,0,0,0.0,0,0,0,0,0,0,0,0
143S,0,0,0,0,0,0,0,0,0,0,0,0,0,0,0,0.0,0,0,0,0
144K,0,0,0,0,0,0,0,0,0.0,0,0,0,0,0,0,0,0,0,0,0
145Q,0,0,0,0,0,0,0,0,0,0,0,0,0,0.0,0,0,0,0,0,0
146L,0,0,0,0,0,0,0,0,0,0.0,0,0,0,0,0,0,0,0,0,0
147E,0,0,0,0.0,0,0,0,0,0,0,0,0,0,0,0,0,0,0,0,0
148T,0,0,0,0,0,0,0,0,0,0,0,0,0,0,0,0,0.0,0,0,0
149K,0,0,0,0,0,0,0,0,0.0,0,0,0,0,0,0,0,0,0,0,0
150T,0,0,0,0,0,0,0,0,0,0,0,0,0,0,0,0,0.0,0,0,0
151P,0,0,0,0,0,0,0,0,0,0,0,0,0.0,0,0,0,0,0,0,0
152G,0,0,0,0,0,0.0,0,0,0,0,0,0,0,0,0,0,0,0,0,0
153Q,0,0,0,0,0,0,0,0,0,0,0,0,0,0.0,0,0,0,0,0,0
154I,0,0,0,0,0,0,0,0.0,0,0,0,0,0,0,0,0,0,0,0,0
155Q,0,0,0,0,0,0,0,0,0,0,0,0,0,0.0,0,0,0,0,0,0
156L,0,0,0,0,0,0,0,0,0,0.0,0,0,0,0,0,0,0,0,0,0
157E,0,0,0,0.0,0,0,0,0,0,0,0,0,0,0,0,0,0,0,0,0
158R,0,0,0,0,0,0,0,0,0,0,0,0,0,0,0.0,0,0,0,0,0
159Y,0,0,0,0,0,0,0,0,0,0,0,0,0,0,0,0,0,0,0,0.0
160Q,0,0,0,0,0,0,0,0,0,0,0,0,0,0.0,0,0,0,0,0,0
161T,0,0,0,0,0,0,0,0,0,0,0,0,0,0,0,0,0.0,0,0,0
162Y,0,0,0,0,0,0,0,0,0,0,0,0,0,0,0,0,0,0,0,0.0
163G,0,0,0,0,0,0.0,0,0,0,0,0,0,0,0,0,0,0,0,0,0
164Q,0,0,0,0,0,0,0,0,0,0,0,0,0,0.0,0,0,0,0,0,0
165L,0,0,0,0,0,0,0,0,0,0.0,0,0,0,0,0,0,0,0,0,0
166R,0,0,0,0,0,0,0,0,0,0,0,0,0,0,0.0,0,0,0,0,0
167G,0,0,0,0,0,0.0,0,0,0,0,0,0,0,0,0,0,0,0,0,0
168D,0,0,0.0,0,0,0,0,0,0,0,0,0,0,0,0,0,0,0,0,0
169F,0,0,0,0,0.0,0,0,0,0,0,0,0,0,0,0,0,0,0,0,0
170T,0,0,0,0,0,0,0,0,0,0,0,0,0,0,0,0,0.0,0,0,0
171V,0,0,0,0,0,0,0,0,0,0,0,0,0,0,0,0,0,0.0,0,0
172E,0,0,0,0.0,0,0,0,0,0,0,0,0,0,0,0,0,0,0,0,0
173K,0,0,0,0,0,0,0,0,0.0,0,0,0,0,0,0,0,0,0,0,0
174D,0,0,0.0,0,0,0,0,0,0,0,0,0,0,0,0,0,0,0,0,0
175G,0,0,0,0,0,0.0,0,0,0,0,0,0,0,0,0,0,0,0,0,0
176K,0,0,0,0,0,0,0,0,0.0,0,0,0,0,0,0,0,0,0,0,0
177K,0,0,0,0,0,0,0,0,0.0,0,0,0,0,0,0,0,0,0,0,0
178H,0,0,0,0,0,0,0.0,0,0,0,0,0,0,0,0,0,0,0,0,0
179R,0,0,0,0,0,0,0,0,0,0,0,0,0,0,0.0,0,0,0,0,0
180L,0,0,0,0,0,0,0,0,0,0.0,0,0,0,0,0,0,0,0,0,0
181I,0,0,0,0,0,0,0,0.0,0,0,0,0,0,0,0,0,0,0,0,0
182N,0,0,0,0,0,0,0,0,0,0,0,0.0,0,0,0,0,0,0,0,0
183V,0,0,0,0,0,0,0,0,0,0,0,0,0,0,0,0,0,0.0,0,0
184F,0,0,0,0,0.0,0,0,0,0,0,0,0,0,0,0,0,0,0,0,0
185P,0,0,0,0,0,0,0,0,0,0,0,0,0.0,0,0,0,0,0,0,0
186T,0,0,0,0,0,0,0,0,0,0,0,0,0,0,0,0,0.0,0,0,0
187S,0,0,0,0,0,0,0,0,0,0,0,0,0,0,0,0.0,0,0,0,0
188A,0.0,0,0,0,0,0,0,0,0,0,0,0,0,0,0,0,0,0,0,0
189Y,0,0,0,0,0,0,0,0,0,0,0,0,0,0,0,0,0,0,0,0.0
190R,0,0,0,0,0,0,0,0,0,0,0,0,0,0,0.0,0,0,0,0,0
191S,0,0,0,0,0,0,0,0,0,0,0,0,0,0,0,0.0,0,0,0,0
192E,0,0,0,0.0,0,0,0,0,0,0,0,0,0,0,0,0,0,0,0,0
193A,0.0,0,0,0,0,0,0,0,0,0,0,0,0,0,0,0,0,0,0,0
194L,0,0,0,0,0,0,0,0,0,0.0,0,0,0,0,0,0,0,0,0,0
195R,0,0,0,0,0,0,0,0,0,0,0,0,0,0,0.0,0,0,0,0,0
196I,0,0,0,0,0,0,0,0.0,0,0,0,0,0,0,0,0,0,0,0,0
197L,0,0,0,0,0,0,0,0,0,0.0,0,0,0,0,0,0,0,0,0,0
198Q,0,0,0,0,0,0,0,0,0,0,0,0,0,0.0,0,0,0,0,0,0
199T,0,0,0,0,0,0,0,0,0,0,0,0,0,0,0,0,0.0,0,0,0
200Q,0,0,0,0,0,0,0,0,0,0,0,0,0,0.0,0,0,0,0,0,0
201Q,0,0,0,0,0,0,0,0,0,0,0,0,0,0.0,0,0,0,0,0,0
202E,0,0,0,0.0,0,0,0,0,0,0,0,0,0,0,0,0,0,0,0,0
203F,0,0,0,0,0.0,0,0,0,0,0,0,0,0,0,0,0,0,0,0,0
204N,0,0,0,0,0,0,0,0,0,0,0,0.0,0,0,0,0,0,0,0,0
205P,0,0,0,0,0,0,0,0,0,0,0,0,0.0,0,0,0,0,0,0,0
206Q,0,0,0,0,0,0,0,0,0,0,0,0,0,0.0,0,0,0,0,0,0
207I,0,0,0,0,0,0,0,0.0,0,0,0,0,0,0,0,0,0,0,0,0
208T,0,0,0,0,0,0,0,0,0,0,0,0,0,0,0,0,0.0,0,0,0
209D,0,0,0.0,0,0,0,0,0,0,0,0,0,0,0,0,0,0,0,0,0
210E,0,0,0,0.0,0,0,0,0,0,0,0,0,0,0,0,0,0,0,0,0
211F,0,0,0,0,0.0,0,0,0,0,0,0,0,0,0,0,0,0,0,0,0
212I,0,0,0,0,0,0,0,0.0,0,0,0,0,0,0,0,0,0,0,0,0
213N,0,0,0,0,0,0,0,0,0,0,0,0.0,0,0,0,0,0,0,0,0
214R,0,0,0,0,0,0,0,0,0,0,0,0,0,0,0.0,0,0,0,0,0
215Y,0,0,0,0,0,0,0,0,0,0,0,0,0,0,0,0,0,0,0,0.0
216L,0,0,0,0,0,0,0,0,0,0.0,0,0,0,0,0,0,0,0,0,0
217E,0,0,0,0.0,0,0,0,0,0,0,0,0,0,0,0,0,0,0,0,0
218I,0,0,0,0,0,0,0,0.0,0,0,0,0,0,0,0,0,0,0,0,0
219L,0,0,0,0,0,0,0,0,0,0.0,0,0,0,0,0,0,0,0,0,0
220T,0,0,0,0,0,0,0,0,0,0,0,0,0,0,0,0,0.0,0,0,0
221G,0,0,0,0,0,0.0,0,0,0,0,0,0,0,0,0,0,0,0,0,0
222K,0,0,0,0,0,0,0,0,0.0,0,0,0,0,0,0,0,0,0,0,0
223R,0,0,0,0,0,0,0,0,0,0,0,0,0,0,0.0,0,0,0,0,0
224K,0,0,0,0,0,0,0,0,0.0,0,0,0,0,0,0,0,0,0,0,0
225Y,0,0,0,0,0,0,0,0,0,0,0,0,0,0,0,0,0,0,0,0.0
226Y,0,0,0,0,0,0,0,0,0,0,0,0,0,0,0,0,0,0,0,0.0
227H,0,0,0,0,0,0,0.0,0,0,0,0,0,0,0,0,0,0,0,0,0
228G,0,0,0,0,0,0.0,0,0,0,0,0,0,0,0,0,0,0,0,0,0
229P,0,0,0,0,0,0,0,0,0,0,0,0,0.0,0,0,0,0,0,0,0
230G,0,0,0,0,0,0.0,0,0,0,0,0,0,0,0,0,0,0,0,0,0
231N,0,0,0,0,0,0,0,0,0,0,0,0.0,0,0,0,0,0,0,0,0
232E,0,0,0,0.0,0,0,0,0,0,0,0,0,0,0,0,0,0,0,0,0
233K,0,0,0,0,0,0,0,0,0.0,0,0,0,0,0,0,0,0,0,0,0
234S,0,0,0,0,0,0,0,0,0,0,0,0,0,0,0,0.0,0,0,0,0
235R,0,0,0,0,0,0,0,0,0,0,0,0,0,0,0.0,0,0,0,0,0
236T,0,0,0,0,0,0,0,0,0,0,0,0,0,0,0,0,0.0,0,0,0
237D,0,0,0.0,0,0,0,0,0,0,0,0,0,0,0,0,0,0,0,0,0
238Y,0,0,0,0,0,0,0,0,0,0,0,0,0,0,0,0,0,0,0,0.0
239G,0,0,0,0,0,0.0,0,0,0,0,0,0,0,0,0,0,0,0,0,0
240R,0,0,0,0,0,0,0,0,0,0,0,0,0,0,0.0,0,0,0,0,0
241Y,0,0,0,0,0,0,0,0,0,0,0,0,0,0,0,0,0,0,0,0.0
242R,0,0,0,0,0,0,0,0,0,0,0,0,0,0,0.0,0,0,0,0,0
243T,0,0,0,0,0,0,0,0,0,0,0,0,0,0,0,0,0.0,0,0,0
244S,0,0,0,0,0,0,0,0,0,0,0,0,0,0,0,0.0,0,0,0,0
245G,0,0,0,0,0,0.0,0,0,0,0,0,0,0,0,0,0,0,0,0,0
246E,0,0,0,0.0,0,0,0,0,0,0,0,0,0,0,0,0,0,0,0,0
247T,0,0,0,0,0,0,0,0,0,0,0,0,0,0,0,0,0.0,0,0,0
248L,0,0,0,0,0,0,0,0,0,0.0,0,0,0,0,0,0,0,0,0,0
249D,0,0,0.0,0,0,0,0,0,0,0,0,0,0,0,0,0,0,0,0,0
250N,0,0,0,0,0,0,0,0,0,0,0,0.0,0,0,0,0,0,0,0,0
251I,0,0,0,0,0,0,0,0.0,0,0,0,0,0,0,0,0,0,0,0,0
252F,0,0,0,0,0.0,0,0,0,0,0,0,0,0,0,0,0,0,0,0,0
253G,0,0,0,0,0,0.0,0,0,0,0,0,0,0,0,0,0,0,0,0,0
254I,0,0,0,0,0,0,0,0.0,0,0,0,0,0,0,0,0,0,0,0,0
255L,0,0,0,0,0,0,0,0,0,0.0,0,0,0,0,0,0,0,0,0,0
256I,0,0,0,0,0,0,0,0.0,0,0,0,0,0,0,0,0,0,0,0,0
257G,0,0,0,0,0,0.0,0,0,0,0,0,0,0,0,0,0,0,0,0,0
258K,0,0,0,0,0,0,0,0,0.0,0,0,0,0,0,0,0,0,0,0,0
259C,0,0.0,0,0,0,0,0,0,0,0,0,0,0,0,0,0,0,0,0,0
260T,0,0,0,0,0,0,0,0,0,0,0,0,0,0,0,0,0.0,0,0,0
261F,0,0,0,0,0.0,0,0,0,0,0,0,0,0,0,0,0,0,0,0,0
262Y,0,0,0,0,0,0,0,0,0,0,0,0,0,0,0,0,0,0,0,0.0
263P,0,0,0,0,0,0,0,0,0,0,0,0,0.0,0,0,0,0,0,0,0
264D,0,0,0.0,0,0,0,0,0,0,0,0,0,0,0,0,0,0,0,0,0
265E,0,0,0,0.0,0,0,0,0,0,0,0,0,0,0,0,0,0,0,0,0
266F,0,0,0,0,0.0,0,0,0,0,0,0,0,0,0,0,0,0,0,0,0
267R,0,0,0,0,0,0,0,0,0,0,0,0,0,0,0.0,0,0,0,0,0
268A,0.0,0,0,0,0,0,0,0,0,0,0,0,0,0,0,0,0,0,0,0
269A,0.0,0,0,0,0,0,0,0,0,0,0,0,0,0,0,0,0,0,0,0
270K,0,0,0,0,0,0,0,0,0.0,0,0,0,0,0,0,0,0,0,0,0
271A,0.0,0,0,0,0,0,0,0,0,0,0,0,0,0,0,0,0,0,0,0
272S,0,0,0,0,0,0,0,0,0,0,0,0,0,0,0,0.0,0,0,0,0
273Y,0,0,0,0,0,0,0,0,0,0,0,0,0,0,0,0,0,0,0,0.0
274T,0,0,0,0,0,0,0,0,0,0,0,0,0,0,0,0,0.0,0,0,0
275A,0.0,0,0,0,0,0,0,0,0,0,0,0,0,0,0,0,0,0,0,0
276Q,0,0,0,0,0,0,0,0,0,0,0,0,0,0.0,0,0,0,0,0,0
277E,0,0,0,0.0,0,0,0,0,0,0,0,0,0,0,0,0,0,0,0,0
278F,0,0,0,0,0.0,0,0,0,0,0,0,0,0,0,0,0,0,0,0,0
279N,0,0,0,0,0,0,0,0,0,0,0,0.0,0,0,0,0,0,0,0,0
280L,0,0,0,0,0,0,0,0,0,0.0,0,0,0,0,0,0,0,0,0,0
281L,0,0,0,0,0,0,0,0,0,0.0,0,0,0,0,0,0,0,0,0,0
282N,0,0,0,0,0,0,0,0,0,0,0,0.0,0,0,0,0,0,0,0,0
283D,0,0,0.0,0,0,0,0,0,0,0,0,0,0,0,0,0,0,0,0,0
284L,0,0,0,0,0,0,0,0,0,0.0,0,0,0,0,0,0,0,0,0,0
285N,0,0,0,0,0,0,0,0,0,0,0,0.0,0,0,0,0,0,0,0,0
286N,0,0,0,0,0,0,0,0,0,0,0,0.0,0,0,0,0,0,0,0,0
287L,0,0,0,0,0,0,0,0,0,0.0,0,0,0,0,0,0,0,0,0,0
288T,0,0,0,0,0,0,0,0,0,0,0,0,0,0,0,0,0.0,0,0,0
289V,0,0,0,0,0,0,0,0,0,0,0,0,0,0,0,0,0,0.0,0,0
290P,0,0,0,0,0,0,0,0,0,0,0,0,0.0,0,0,0,0,0,0,0
291T,0,0,0,0,0,0,0,0,0,0,0,0,0,0,0,0,0.0,0,0,0
292E,0,0,0,0.0,0,0,0,0,0,0,0,0,0,0,0,0,0,0,0,0
293T,0,0,0,0,0,0,0,0,0,0,0,0,0,0,0,0,0.0,0,0,0
294K,0,0,0,0,0,0,0,0,0.0,0,0,0,0,0,0,0,0,0,0,0
295K,0,0,0,0,0,0,0,0,0.0,0,0,0,0,0,0,0,0,0,0,0
296L,0,0,0,0,0,0,0,0,0,0.0,0,0,0,0,0,0,0,0,0,0
297S,0,0,0,0,0,0,0,0,0,0,0,0,0,0,0,0.0,0,0,0,0
298K,0,0,0,0,0,0,0,0,0.0,0,0,0,0,0,0,0,0,0,0,0
299E,0,0,0,0.0,0,0,0,0,0,0,0,0,0,0,0,0,0,0,0,0
300Q,0,0,0,0,0,0,0,0,0,0,0,0,0,0.0,0,0,0,0,0,0
301K,0,0,0,0,0,0,0,0,0.0,0,0,0,0,0,0,0,0,0,0,0
302N,0,0,0,0,0,0,0,0,0,0,0,0.0,0,0,0,0,0,0,0,0
303Q,0,0,0,0,0,0,0,0,0,0,0,0,0,0.0,0,0,0,0,0,0
304I,0,0,0,0,0,0,0,0.0,0,0,0,0,0,0,0,0,0,0,0,0
305I,0,0,0,0,0,0,0,0.0,0,0,0,0,0,0,0,0,0,0,0,0
306N,0,0,0,0,0,0,0,0,0,0,0,0.0,0,0,0,0,0,0,0,0
307Y,0,0,0,0,0,0,0,0,0,0,0,0,0,0,0,0,0,0,0,0.0
308V,0,0,0,0,0,0,0,0,0,0,0,0,0,0,0,0,0,0.0,0,0
309K,0,0,0,0,0,0,0,0,0.0,0,0,0,0,0,0,0,0,0,0,0
310N,0,0,0,0,0,0,0,0,0,0,0,0.0,0,0,0,0,0,0,0,0
311E,0,0,0,0.0,0,0,0,0,0,0,0,0,0,0,0,0,0,0,0,0
312K,0,0,0,0,0,0,0,0,0.0,0,0,0,0,0,0,0,0,0,0,0
313A,0.0,0,0,0,0,0,0,0,0,0,0,0,0,0,0,0,0,0,0,0
314M,0,0,0,0,0,0,0,0,0,0,0.0,0,0,0,0,0,0,0,0,0
315G,0,0,0,0,0,0.0,0,0,0,0,0,0,0,0,0,0,0,0,0,0
316P,0,0,0,0,0,0,0,0,0,0,0,0,0.0,0,0,0,0,0,0,0
317A,0.0,0,0,0,0,0,0,0,0,0,0,0,0,0,0,0,0,0,0,0
318K,0,0,0,0,0,0,0,0,0.0,0,0,0,0,0,0,0,0,0,0,0
319L,0,0,0,0,0,0,0,0,0,0.0,0,0,0,0,0,0,0,0,0,0
320F,0,0,0,0,0.0,0,0,0,0,0,0,0,0,0,0,0,0,0,0,0
321K,0,0,0,0,0,0,0,0,0.0,0,0,0,0,0,0,0,0,0,0,0
322Y,0,0,0,0,0,0,0,0,0,0,0,0,0,0,0,0,0,0,0,0.0
323I,0,0,0,0,0,0,0,0.0,0,0,0,0,0,0,0,0,0,0,0,0
324A,0.0,0,0,0,0,0,0,0,0,0,0,0,0,0,0,0,0,0,0,0
325K,0,0,0,0,0,0,0,0,0.0,0,0,0,0,0,0,0,0,0,0,0
326L,0,0,0,0,0,0,0,0,0,0.0,0,0,0,0,0,0,0,0,0,0
327L,0,0,0,0,0,0,0,0,0,0.0,0,0,0,0,0,0,0,0,0,0
328S,0,0,0,0,0,0,0,0,0,0,0,0,0,0,0,0.0,0,0,0,0
329C,0,0.0,0,0,0,0,0,0,0,0,0,0,0,0,0,0,0,0,0,0
330D,0,0,0.0,0,0,0,0,0,0,0,0,0,0,0,0,0,0,0,0,0
331V,0,0,0,0,0,0,0,0,0,0,0,0,0,0,0,0,0,0.0,0,0
332A,0.0,0,0,0,0,0,0,0,0,0,0,0,0,0,0,0,0,0,0,0
333D,0,0,0.0,0,0,0,0,0,0,0,0,0,0,0,0,0,0,0,0,0
334I,0,0,0,0,0,0,0,0.0,0,0,0,0,0,0,0,0,0,0,0,0
335K,0,0,0,0,0,0,0,0,0.0,0,0,0,0,0,0,0,0,0,0,0
336G,0,0,0,0,0,0.0,0,0,0,0,0,0,0,0,0,0,0,0,0,0
337Y,0,0,0,0,0,0,0,0,0,0,0,0,0,0,0,0,0,0,0,0.0
338R,0,0,0,0,0,0,0,0,0,0,0,0,0,0,0.0,0,0,0,0,0
339I,0,0,0,0,0,0,0,0.0,0,0,0,0,0,0,0,0,0,0,0,0
340D,0,0,0.0,0,0,0,0,0,0,0,0,0,0,0,0,0,0,0,0,0
341K,0,0,0,0,0,0,0,0,0.0,0,0,0,0,0,0,0,0,0,0,0
342S,0,0,0,0,0,0,0,0,0,0,0,0,0,0,0,0.0,0,0,0,0
343G,0,0,0,0,0,0.0,0,0,0,0,0,0,0,0,0,0,0,0,0,0
344K,0,0,0,0,0,0,0,0,0.0,0,0,0,0,0,0,0,0,0,0,0
345A,0.0,0,0,0,0,0,0,0,0,0,0,0,0,0,0,0,0,0,0,0
346E,0,0,0,0.0,0,0,0,0,0,0,0,0,0,0,0,0,0,0,0,0
347I,0,0,0,0,0,0,0,0.0,0,0,0,0,0,0,0,0,0,0,0,0
348H,0,0,0,0,0,0,0.0,0,0,0,0,0,0,0,0,0,0,0,0,0
349T,0,0,0,0,0,0,0,0,0,0,0,0,0,0,0,0,0.0,0,0,0
350F,0,0,0,0,0.0,0,0,0,0,0,0,0,0,0,0,0,0,0,0,0
351E,0,0,0,0.0,0,0,0,0,0,0,0,0,0,0,0,0,0,0,0,0
352A,0.0,0,0,0,0,0,0,0,0,0,0,0,0,0,0,0,0,0,0,0
353Y,0,0,0,0,0,0,0,0,0,0,0,0,0,0,0,0,0,0,0,0.0
354R,0,0,0,0,0,0,0,0,0,0,0,0,0,0,0.0,0,0,0,0,0
355K,0,0,0,0,0,0,0,0,0.0,0,0,0,0,0,0,0,0,0,0,0
356M,0,0,0,0,0,0,0,0,0,0,0.0,0,0,0,0,0,0,0,0,0
357K,0,0,0,0,0,0,0,0,0.0,0,0,0,0,0,0,0,0,0,0,0
358T,0,0,0,0,0,0,0,0,0,0,0,0,0,0,0,0,0.0,0,0,0
359L,0,0,0,0,0,0,0,0,0,0.0,0,0,0,0,0,0,0,0,0,0
360E,0,0,0,0.0,0,0,0,0,0,0,0,0,0,0,0,0,0,0,0,0
361T,0,0,0,0,0,0,0,0,0,0,0,0,0,0,0,0,0.0,0,0,0
362L,0,0,0,0,0,0,0,0,0,0.0,0,0,0,0,0,0,0,0,0,0
363D,0,0,0.0,0,0,0,0,0,0,0,0,0,0,0,0,0,0,0,0,0
364I,0,0,0,0,0,0,0,0.0,0,0,0,0,0,0,0,0,0,0,0,0
365E,0,0,0,0.0,0,0,0,0,0,0,0,0,0,0,0,0,0,0,0,0
366Q,0,0,0,0,0,0,0,0,0,0,0,0,0,0.0,0,0,0,0,0,0
367M,0,0,0,0,0,0,0,0,0,0,0.0,0,0,0,0,0,0,0,0,0
368D,0,0,0.0,0,0,0,0,0,0,0,0,0,0,0,0,0,0,0,0,0
369R,0,0,0,0,0,0,0,0,0,0,0,0,0,0,0.0,0,0,0,0,0
370E,0,0,0,0.0,0,0,0,0,0,0,0,0,0,0,0,0,0,0,0,0
371T,0,0,0,0,0,0,0,0,0,0,0,0,0,0,0,0,0.0,0,0,0
372L,0,0,0,0,0,0,0,0,0,0.0,0,0,0,0,0,0,0,0,0,0
373D,0,0,0.0,0,0,0,0,0,0,0,0,0,0,0,0,0,0,0,0,0
374K,0,0,0,0,0,0,0,0,0.0,0,0,0,0,0,0,0,0,0,0,0
375L,0,0,0,0,0,0,0,0,0,0.0,0,0,0,0,0,0,0,0,0,0
376A,0.0,0,0,0,0,0,0,0,0,0,0,0,0,0,0,0,0,0,0,0
377Y,0,0,0,0,0,0,0,0,0,0,0,0,0,0,0,0,0,0,0,0.0
378V,0,0,0,0,0,0,0,0,0,0,0,0,0,0,0,0,0,0.0,0,0
379L,0,0,0,0,0,0,0,0,0,0.0,0,0,0,0,0,0,0,0,0,0
380T,0,0,0,0,0,0,0,0,0,0,0,0,0,0,0,0,0.0,0,0,0
381L,0,0,0,0,0,0,0,0,0,0.0,0,0,0,0,0,0,0,0,0,0
382N,0,0,0,0,0,0,0,0,0,0,0,0.0,0,0,0,0,0,0,0,0
383T,0,0,0,0,0,0,0,0,0,0,0,0,0,0,0,0,0.0,0,0,0
384E,0,0,0,0.0,0,0,0,0,0,0,0,0,0,0,0,0,0,0,0,0
385R,0,0,0,0,0,0,0,0,0,0,0,0,0,0,0.0,0,0,0,0,0
386E,0,0,0,0.0,0,0,0,0,0,0,0,0,0,0,0,0,0,0,0,0
387G,0,0,0,0,0,0.0,0,0,0,0,0,0,0,0,0,0,0,0,0,0
388I,0,0,0,0,0,0,0,0.0,0,0,0,0,0,0,0,0,0,0,0,0
389Q,0,0,0,0,0,0,0,0,0,0,0,0,0,0.0,0,0,0,0,0,0
390E,0,0,0,0.0,0,0,0,0,0,0,0,0,0,0,0,0,0,0,0,0
391A,0.0,0,0,0,0,0,0,0,0,0,0,0,0,0,0,0,0,0,0,0
392L,0,0,0,0,0,0,0,0,0,0.0,0,0,0,0,0,0,0,0,0,0
393E,0,0,0,0.0,0,0,0,0,0,0,0,0,0,0,0,0,0,0,0,0
394H,0,0,0,0,0,0,0.0,0,0,0,0,0,0,0,0,0,0,0,0,0
395E,0,0,0,0.0,0,0,0,0,0,0,0,0,0,0,0,0,0,0,0,0
396F,0,0,0,0,0.0,0,0,0,0,0,0,0,0,0,0,0,0,0,0,0
397A,0.0,0,0,0,0,0,0,0,0,0,0,0,0,0,0,0,0,0,0,0
398D,0,0,0.0,0,0,0,0,0,0,0,0,0,0,0,0,0,0,0,0,0
399G,0,0,0,0,0,0.0,0,0,0,0,0,0,0,0,0,0,0,0,0,0
400S,0,0,0,0,0,0,0,0,0,0,0,0,0,0,0,0.0,0,0,0,0
401F,0,0,0,0,0.0,0,0,0,0,0,0,0,0,0,0,0,0,0,0,0
402S,0,0,0,0,0,0,0,0,0,0,0,0,0,0,0,0.0,0,0,0,0
403Q,0,0,0,0,0,0,0,0,0,0,0,0,0,0.0,0,0,0,0,0,0
404K,0,0,0,0,0,0,0,0,0.0,0,0,0,0,0,0,0,0,0,0,0
405Q,0,0,0,0,0,0,0,0,0,0,0,0,0,0.0,0,0,0,0,0,0
406V,0,0,0,0,0,0,0,0,0,0,0,0,0,0,0,0,0,0.0,0,0
407D,0,0,0.0,0,0,0,0,0,0,0,0,0,0,0,0,0,0,0,0,0
408E,0,0,0,0.0,0,0,0,0,0,0,0,0,0,0,0,0,0,0,0,0
409L,0,0,0,0,0,0,0,0,0,0.0,0,0,0,0,0,0,0,0,0,0
410V,0,0,0,0,0,0,0,0,0,0,0,0,0,0,0,0,0,0.0,0,0
411Q,0,0,0,0,0,0,0,0,0,0,0,0,0,0.0,0,0,0,0,0,0
412F,0,0,0,0,0.0,0,0,0,0,0,0,0,0,0,0,0,0,0,0,0
413R,0,0,0,0,0,0,0,0,0,0,0,0,0,0,0.0,0,0,0,0,0
414K,0,0,0,0,0,0,0,0,0.24374424933469638,0,0,0,0,0,0,0,0,0,0,0
415A,0.037814152143388464,0,0,0,0,0,0,0,0,0,0,0,0,0,0,0,0,0,0,0
416N,0,0,0,0,0,0,0,0,0,0,0,0.0,0,0,0,0,0,0,0,0
417S,0,0,0,0,0,0,0,0,0,0,0,0,0,0,0,0.0,0,0,0,0
418S,0,0,0,0,0,0,0,0,0,0,0,0,0,0,0,0.0,0,0,0,0
419I,0,0,0,0,0,0,0,0.0,0,0,0,0,0,0,0,0,0,0,0,0
420F,0,0,0,0,0.0,0,0,0,0,0,0,0,0,0,0,0,0,0,0,0
421G,0,0,0,0,0,0.0,0,0,0,0,0,0,0,0,0,0,0,0,0,0
422K,0,0,0,0,0,0,0,0,0.0,0,0,0,0,0,0,0,0,0,0,0
423G,0,0,0,0,0,0.0,0,0,0,0,0,0,0,0,0,0,0,0,0,0
424W,0,0,0,0,0,0,0,0,0,0,0,0,0,0,0,0,0,0,0.0,0
425H,0,0,0,0,0,0,0.0,0,0,0,0,0,0,0,0,0,0,0,0,0
426N,0,0,0,0,0,0,0,0,0,0,0,0.0,0,0,0,0,0,0,0,0
427F,0,0,0,0,0.0,0,0,0,0,0,0,0,0,0,0,0,0,0,0,0
428S,0,0,0,0,0,0,0,0,0,0,0,0,0,0,0,0.0,0,0,0,0
429V,0,0,0,0,0,0,0,0,0,0,0,0,0,0,0,0,0,0.0,0,0
430K,0,0,0,0,0,0,0,0,0.0,0,0,0,0,0,0,0,0,0,0,0
431L,0,0,0,0,0,0,0,0,0,0.0,0,0,0,0,0,0,0,0,0,0
432M,0,0,0,0,0,0,0,0,0,0,0.0,0,0,0,0,0,0,0,0,0
433M,0,0,0,0,0,0,0,0,0,0,0.0,0,0,0,0,0,0,0,0,0
434E,0,0,0,0.0,0,0,0,0,0,0,0,0,0,0,0,0,0,0,0,0
435L,0,0,0,0,0,0,0,0,0,0.0,0,0,0,0,0,0,0,0,0,0
436I,0,0,0,0,0,0,0,0.0,0,0,0,0,0,0,0,0,0,0,0,0
437P,0,0,0,0,0,0,0,0,0,0,0,0,0.0,0,0,0,0,0,0,0
438E,0,0,0,0.0,0,0,0,0,0,0,0,0,0,0,0,0,0,0,0,0
439L,0,0,0,0,0,0,0,0,0,0.0,0,0,0,0,0,0,0,0,0,0
440Y,0,0,0,0,0,0,0,0,0,0,0,0,0,0,0,0,0,0,0,0.0
441E,0,0,0,0.0,0,0,0,0,0,0,0,0,0,0,0,0,0,0,0,0
442T,0,0,0,0,0,0,0,0,0,0,0,0,0,0,0,0,0.0,0,0,0
443S,0,0,0,0,0,0,0,0,0,0,0,0,0,0,0,0.0,0,0,0,0
444E,0,0,0,0.0,0,0,0,0,0,0,0,0,0,0,0,0,0,0,0,0
445E,0,0,0,0.0,0,0,0,0,0,0,0,0,0,0,0,0,0,0,0,0
446Q,0,0,0,0,0,0,0,0,0,0,0,0,0,0.0,0,0,0,0,0,0
447M,0,0,0,0,0,0,0,0,0,0,0.0,0,0,0,0,0,0,0,0,0
448T,0,0,0,0,0,0,0,0,0,0,0,0,0,0,0,0,0.0,0,0,0
449I,0,0,0,0,0,0,0,0.0,0,0,0,0,0,0,0,0,0,0,0,0
450L,0,0,0,0,0,0,0,0,0,0.0,0,0,0,0,0,0,0,0,0,0
451T,0,0,0,0,0,0,0,0,0,0,0,0,0,0,0,0,0.0,0,0,0
452R,0,0,0,0,0,0,0,0,0,0,0,0,0,0,0.0,0,0,0,0,0
453L,0,0,0,0,0,0,0,0,0,0.0,0,0,0,0,0,0,0,0,0,0
454G,0,0,0,0,0,0.0,0,0,0,0,0,0,0,0,0,0,0,0,0,0
455K,0,0,0,0,0,0,0,0,0.0,0,0,0,0,0,0,0,0,0,0,0
456Q,0,0,0,0,0,0,0,0,0,0,0,0,0,0.0,0,0,0,0,0,0
457K,0,0,0,0,0,0,0,0,0.0,0,0,0,0,0,0,0,0,0,0,0
458T,0,0,0,0,0,0,0,0,0,0,0,0,0,0,0,0,0.0,0,0,0
459T,0,0,0,0,0,0,0,0,0,0,0,0,0,0,0,0,0.0,0,0,0
460S,0,0,0,0,0,0,0,0,0,0,0,0,0,0,0,0.0,0,0,0,0
461S,0,0,0,0,0,0,0,0,0,0,0,0,0,0,0,0.0,0,0,0,0
462S,0,0,0,0,0,0,0,0,0,0,0,0,0,0,0,0.0,0,0,0,0
463N,0,0,0,0,0,0,0,0,0,0,0,0.0,0,0,0,0,0,0,0,0
464K,0,0,0,0,0,0,0,0,0.0,0,0,0,0,0,0,0,0,0,0,0
465T,0,0,0,0,0,0,0,0,0,0,0,0,0,0,0,0,0.0,0,0,0
466K,0,0,0,0,0,0,0,0,0.0,0,0,0,0,0,0,0,0,0,0,0
467Y,0,0,0,0,0,0,0,0,0,0,0,0,0,0,0,0,0,0,0,0.0
468I,0,0,0,0,0,0,0,0.0,0,0,0,0,0,0,0,0,0,0,0,0
469D,0,0,0.0,0,0,0,0,0,0,0,0,0,0,0,0,0,0,0,0,0
470E,0,0,0,0.0,0,0,0,0,0,0,0,0,0,0,0,0,0,0,0,0
471K,0,0,0,0,0,0,0,0,0.0,0,0,0,0,0,0,0,0,0,0,0
472L,0,0,0,0,0,0,0,0,0,0.0,0,0,0,0,0,0,0,0,0,0
473L,0,0,0,0,0,0,0,0,0,0.0,0,0,0,0,0,0,0,0,0,0
474T,0,0,0,0,0,0,0,0,0,0,0,0,0,0,0,0,0.0,0,0,0
475E,0,0,0,0.0,0,0,0,0,0,0,0,0,0,0,0,0,0,0,0,0
476E,0,0,0,0.0,0,0,0,0,0,0,0,0,0,0,0,0,0,0,0,0
477I,0,0,0,0,0,0,0,0.0,0,0,0,0,0,0,0,0,0,0,0,0
478Y,0,0,0,0,0,0,0,0,0,0,0,0,0,0,0,0,0,0,0,0.0
479N,0,0,0,0,0,0,0,0,0,0,0,0.0,0,0,0,0,0,0,0,0
480P,0,0,0,0,0,0,0,0,0,0,0,0,0.0,0,0,0,0,0,0,0
481V,0,0,0,0,0,0,0,0,0,0,0,0,0,0,0,0,0,0.0,0,0
482V,0,0,0,0,0,0,0,0,0,0,0,0,0,0,0,0,0,0.0,0,0
483A,0.0,0,0,0,0,0,0,0,0,0,0,0,0,0,0,0,0,0,0,0
484K,0,0,0,0,0,0,0,0,0.0,0,0,0,0,0,0,0,0,0,0,0
485S,0,0,0,0,0,0,0,0,0,0,0,0,0,0,0,0.0,0,0,0,0
486V,0,0,0,0,0,0,0,0,0,0,0,0,0,0,0,0,0,0.0,0,0
487R,0,0,0,0,0,0,0,0,0,0,0,0,0,0,0.0,0,0,0,0,0
488Q,0,0,0,0,0,0,0,0,0,0,0,0,0,0.0,0,0,0,0,0,0
489A,0.0,0,0,0,0,0,0,0,0,0,0,0,0,0,0,0,0,0,0,0
490I,0,0,0,0,0,0,0,0.0,0,0,0,0,0,0,0,0,0,0,0,0
491K,0,0,0,0,0,0,0,0,0.0,0,0,0,0,0,0,0,0,0,0,0
492I,0,0,0,0,0,0,0,0.09442899682019122,0,0,0,0,0,0,0,0,0,0,0,0
493V,0,0,0,0,0,0,0,0,0,0,0,0,0,0,0,0,0,0.0,0,0
494N,0,0,0,0,0,0,0,0,0,0,0,0.0,0,0,0,0,0,0,0,0
495A,0.0,0,0,0,0,0,0,0,0,0,0,0,0,0,0,0,0,0,0,0
496A,0.0,0,0,0,0,0,0,0,0,0,0,0,0,0,0,0,0,0,0,0
497I,0,0,0,0,0,0,0,0.0,0,0,0,0,0,0,0,0,0,0,0,0
498K,0,0,0,0,0,0,0,0,0.0,0,0,0,0,0,0,0,0,0,0,0
499E,0,0,0,0.0,0,0,0,0,0,0,0,0,0,0,0,0,0,0,0,0
500Y,0,0,0,0,0,0,0,0,0,0,0,0,0,0,0,0,0,0,0,0.0
501G,0,0,0,0,0,0.0,0,0,0,0,0,0,0,0,0,0,0,0,0,0
502D,0,0,0.0,0,0,0,0,0,0,0,0,0,0,0,0,0,0,0,0,0
503F,0,0,0,0,0.0,0,0,0,0,0,0,0,0,0,0,0,0,0,0,0
504D,0,0,0.0,0,0,0,0,0,0,0,0,0,0,0,0,0,0,0,0,0
505N,0,0,0,0,0,0,0,0,0,0,0,0.0,0,0,0,0,0,0,0,0
506I,0,0,0,0,0,0,0,0.0,0,0,0,0,0,0,0,0,0,0,0,0
507V,0,0,0,0,0,0,0,0,0,0,0,0,0,0,0,0,0,0.0,0,0
508I,0,0,0,0,0,0,0,0.0,0,0,0,0,0,0,0,0,0,0,0,0
509E,0,0,0,0.0,0,0,0,0,0,0,0,0,0,0,0,0,0,0,0,0
510M,0,0,0,0,0,0,0,0,0,0,0.0,0,0,0,0,0,0,0,0,0
511A,0.0,0,0,0,0,0,0,0,0,0,0,0,0,0,0,0,0,0,0,0
512R,0,0,0,0,0,0,0,0,0,0,0,0,0,0,0.0,0,0,0,0,0
513E,0,0,0,0.0,0,0,0,0,0,0,0,0,0,0,0,0,0,0,0,0
514T,0,0,0,0,0,0,0,0,0,0,0,0,0,0,0,0,0.0,0,0,0
515N,0,0,0,0,0,0,0,0,0,0,0,0.0,0,0,0,0,0,0,0,0
516E,0,0,0,0.0,0,0,0,0,0,0,0,0,0,0,0,0,0,0,0,0
517D,0,0,0.0,0,0,0,0,0,0,0,0,0,0,0,0,0,0,0,0,0
518D,0,0,0.0,0,0,0,0,0,0,0,0,0,0,0,0,0,0,0,0,0
519E,0,0,0,0.0,0,0,0,0,0,0,0,0,0,0,0,0,0,0,0,0
520K,0,0,0,0,0,0,0,0,0.0,0,0,0,0,0,0,0,0,0,0,0
521K,0,0,0,0,0,0,0,0,0.0,0,0,0,0,0,0,0,0,0,0,0
522A,0.0,0,0,0,0,0,0,0,0,0,0,0,0,0,0,0,0,0,0,0
523I,0,0,0,0,0,0,0,0.0,0,0,0,0,0,0,0,0,0,0,0,0
524Q,0,0,0,0,0,0,0,0,0,0,0,0,0,0.0,0,0,0,0,0,0
525K,0,0,0,0,0,0,0,0,0.0,0,0,0,0,0,0,0,0,0,0,0
526I,0,0,0,0,0,0,0,0.0,0,0,0,0,0,0,0,0,0,0,0,0
527Q,0,0,0,0,0,0,0,0,0,0,0,0,0,0.0,0,0,0,0,0,0
528K,0,0,0,0,0,0,0,0,0.0,0,0,0,0,0,0,0,0,0,0,0
529A,0.0,0,0,0,0,0,0,0,0,0,0,0,0,0,0,0,0,0,0,0
530N,0,0,0,0,0,0,0,0,0,0,0,0.0,0,0,0,0,0,0,0,0
531K,0,0,0,0,0,0,0,0,0.0,0,0,0,0,0,0,0,0,0,0,0
532D,0,0,0.0,0,0,0,0,0,0,0,0,0,0,0,0,0,0,0,0,0
533E,0,0,0,0.0,0,0,0,0,0,0,0,0,0,0,0,0,0,0,0,0
534K,0,0,0,0,0,0,0,0,0.0,0,0,0,0,0,0,0,0,0,0,0
535D,0,0,0.0,0,0,0,0,0,0,0,0,0,0,0,0,0,0,0,0,0
536A,0.0,0,0,0,0,0,0,0,0,0,0,0,0,0,0,0,0,0,0,0
537A,0.0,0,0,0,0,0,0,0,0,0,0,0,0,0,0,0,0,0,0,0
538M,0,0,0,0,0,0,0,0,0,0,0.0,0,0,0,0,0,0,0,0,0
539L,0,0,0,0,0,0,0,0,0,0.0,0,0,0,0,0,0,0,0,0,0
540K,0,0,0,0,0,0,0,0,0.0,0,0,0,0,0,0,0,0,0,0,0
541A,0.0,0,0,0,0,0,0,0,0,0,0,0,0,0,0,0,0,0,0,0
542A,0.0,0,0,0,0,0,0,0,0,0,0,0,0,0,0,0,0,0,0,0
543N,0,0,0,0,0,0,0,0,0,0,0,0.0,0,0,0,0,0,0,0,0
544Q,0,0,0,0,0,0,0,0,0,0,0,0,0,0.0,0,0,0,0,0,0
545Y,0,0,0,0,0,0,0,0,0,0,0,0,0,0,0,0,0,0,0,0.0
546N,0,0,0,0,0,0,0,0,0,0,0,0.0,0,0,0,0,0,0,0,0
547G,0,0,0,0,0,0.0,0,0,0,0,0,0,0,0,0,0,0,0,0,0
548K,0,0,0,0,0,0,0,0,0.0,0,0,0,0,0,0,0,0,0,0,0
549A,0.0,0,0,0,0,0,0,0,0,0,0,0,0,0,0,0,0,0,0,0
550E,0,0,0,0.0,0,0,0,0,0,0,0,0,0,0,0,0,0,0,0,0
551L,0,0,0,0,0,0,0,0,0,0.0,0,0,0,0,0,0,0,0,0,0
552P,0,0,0,0,0,0,0,0,0,0,0,0,0.0,0,0,0,0,0,0,0
553H,0,0,0,0,0,0,0.0,0,0,0,0,0,0,0,0,0,0,0,0,0
554S,0,0,0,0,0,0,0,0,0,0,0,0,0,0,0,0.0,0,0,0,0
555V,0,0,0,0,0,0,0,0,0,0,0,0,0,0,0,0,0,0.0,0,0
556F,0,0,0,0,0.0,0,0,0,0,0,0,0,0,0,0,0,0,0,0,0
557H,0,0,0,0,0,0,0.0,0,0,0,0,0,0,0,0,0,0,0,0,0
558G,0,0,0,0,0,0.0,0,0,0,0,0,0,0,0,0,0,0,0,0,0
559H,0,0,0,0,0,0,0.0,0,0,0,0,0,0,0,0,0,0,0,0,0
560K,0,0,0,0,0,0,0,0,0.0,0,0,0,0,0,0,0,0,0,0,0
561Q,0,0,0,0,0,0,0,0,0,0,0,0,0,0.0,0,0,0,0,0,0
562L,0,0,0,0,0,0,0,0,0,0.0,0,0,0,0,0,0,0,0,0,0
563A,0.0,0,0,0,0,0,0,0,0,0,0,0,0,0,0,0,0,0,0,0
564T,0,0,0,0,0,0,0,0,0,0,0,0,0,0,0,0,0.0,0,0,0
565K,0,0,0,0,0,0,0,0,0.0,0,0,0,0,0,0,0,0,0,0,0
566I,0,0,0,0,0,0,0,0.0,0,0,0,0,0,0,0,0,0,0,0,0
567R,0,0,0,0,0,0,0,0,0,0,0,0,0,0,0.0,0,0,0,0,0
568L,0,0,0,0,0,0,0,0,0,0.0,0,0,0,0,0,0,0,0,0,0
569W,0,0,0,0,0,0,0,0,0,0,0,0,0,0,0,0,0,0,0.0,0
570H,0,0,0,0,0,0,0.0,0,0,0,0,0,0,0,0,0,0,0,0,0
571Q,0,0,0,0,0,0,0,0,0,0,0,0,0,0.0,0,0,0,0,0,0
572Q,0,0,0,0,0,0,0,0,0,0,0,0,0,0.0,0,0,0,0,0,0
573G,0,0,0,0,0,0.0,0,0,0,0,0,0,0,0,0,0,0,0,0,0
574E,0,0,0,0.0,0,0,0,0,0,0,0,0,0,0,0,0,0,0,0,0
575R,0,0,0,0,0,0,0,0,0,0,0,0,0,0,0.0,0,0,0,0,0
576C,0,0.0,0,0,0,0,0,0,0,0,0,0,0,0,0,0,0,0,0,0
577L,0,0,0,0,0,0,0,0,0,0.0,0,0,0,0,0,0,0,0,0,0
578Y,0,0,0,0,0,0,0,0,0,0,0,0,0,0,0,0,0,0,0,0.0
579T,0,0,0,0,0,0,0,0,0,0,0,0,0,0,0,0,0.0,0,0,0
580G,0,0,0,0,0,0.0,0,0,0,0,0,0,0,0,0,0,0,0,0,0
581K,0,0,0,0,0,0,0,0,0.0,0,0,0,0,0,0,0,0,0,0,0
582T,0,0,0,0,0,0,0,0,0,0,0,0,0,0,0,0,0.0,0,0,0
583I,0,0,0,0,0,0,0,0.0,0,0,0,0,0,0,0,0,0,0,0,0
584S,0,0,0,0,0,0,0,0,0,0,0,0,0,0,0,0.0,0,0,0,0
585I,0,0,0,0,0,0,0,0.0,0,0,0,0,0,0,0,0,0,0,0,0
586H,0,0,0,0,0,0,0.0,0,0,0,0,0,0,0,0,0,0,0,0,0
587D,0,0,0.0,0,0,0,0,0,0,0,0,0,0,0,0,0,0,0,0,0
588L,0,0,0,0,0,0,0,0,0,0.0,0,0,0,0,0,0,0,0,0,0
589I,0,0,0,0,0,0,0,0.0,0,0,0,0,0,0,0,0,0,0,0,0
590N,0,0,0,0,0,0,0,0,0,0,0,0.0,0,0,0,0,0,0,0,0
591N,0,0,0,0,0,0,0,0,0,0,0,0.0,0,0,0,0,0,0,0,0
592S,0,0,0,0,0,0,0,0,0,0,0,0,0,0,0,0.0,0,0,0,0
593N,0,0,0,0,0,0,0,0,0,0,0,0.0,0,0,0,0,0,0,0,0
594Q,0,0,0,0,0,0,0,0,0,0,0,0,0,0.0,0,0,0,0,0,0
595F,0,0,0,0,0.0,0,0,0,0,0,0,0,0,0,0,0,0,0,0,0
596E,0,0,0,0.0,0,0,0,0,0,0,0,0,0,0,0,0,0,0,0,0
597V,0,0,0,0,0,0,0,0,0,0,0,0,0,0,0,0,0,0.0,0,0
598D,0,0,0.0,0,0,0,0,0,0,0,0,0,0,0,0,0,0,0,0,0
599H,0,0,0,0,0,0,0.0,0,0,0,0,0,0,0,0,0,0,0,0,0
600I,0,0,0,0,0,0,0,0.006703604009281581,0,0,0,0,0,0,0,0,0,0,0,0
601L,0,0,0,0,0,0,0,0,0,0.0,0,0,0,0,0,0,0,0,0,0
602P,0,0,0,0,0,0,0,0,0,0,0,0,0.0,0,0,0,0,0,0,0
603L,0,0,0,0,0,0,0,0,0,0.0,0,0,0,0,0,0,0,0,0,0
604S,0,0,0,0,0,0,0,0,0,0,0,0,0,0,0,0.12292525400710615,0,0,0,0
605I,0,0,0,0,0,0,0,0.0,0,0,0,0,0,0,0,0,0,0,0,0
606T,0,0,0,0,0,0,0,0,0,0,0,0,0,0,0,0,0.0,0,0,0
607F,0,0,0,0,0.0,0,0,0,0,0,0,0,0,0,0,0,0,0,0,0
608D,0,0,0.0,0,0,0,0,0,0,0,0,0,0,0,0,0,0,0,0,0
609D,0,0,0.0,0,0,0,0,0,0,0,0,0,0,0,0,0,0,0,0,0
610S,0,0,0,0,0,0,0,0,0,0,0,0,0,0,0,0.0,0,0,0,0
611L,0,0,0,0,0,0,0,0,0,0.0,0,0,0,0,0,0,0,0,0,0
612A,0.0,0,0,0,0,0,0,0,0,0,0,0,0,0,0,0,0,0,0,0
613N,0,0,0,0,0,0,0,0,0,0,0,0.0,0,0,0,0,0,0,0,0
614K,0,0,0,0,0,0,0,0,0.0,0,0,0,0,0,0,0,0,0,0,0
615V,0,0,0,0,0,0,0,0,0,0,0,0,0,0,0,0,0,0.0,0,0
616L,0,0,0,0,0,0,0,0,0,0.0,0,0,0,0,0,0,0,0,0,0
617V,0,0,0,0,0,0,0,0,0,0,0,0,0,0,0,0,0,0.0,0,0
618Y,0,0,0,0,0,0,0,0,0,0,0,0,0,0,0,0,0,0,0,0.0
619A,0.0,0,0,0,0,0,0,0,0,0,0,0,0,0,0,0,0,0,0,0
620T,0,0,0,0,0,0,0,0,0,0,0,0,0,0,0,0,0.0,0,0,0
621A,0.0,0,0,0,0,0,0,0,0,0,0,0,0,0,0,0,0,0,0,0
622N,0,0,0,0,0,0,0,0,0,0,0,0.0,0,0,0,0,0,0,0,0
623Q,0,0,0,0,0,0,0,0,0,0,0,0,0,0.0,0,0,0,0,0,0
624E,0,0,0,0.0,0,0,0,0,0,0,0,0,0,0,0,0,0,0,0,0
625K,0,0,0,0,0,0,0,0,0.0,0,0,0,0,0,0,0,0,0,0,0
626G,0,0,0,0,0,0.0,0,0,0,0,0,0,0,0,0,0,0,0,0,0
627Q,0,0,0,0,0,0,0,0,0,0,0,0,0,0.0,0,0,0,0,0,0
628R,0,0,0,0,0,0,0,0,0,0,0,0,0,0,0.0,0,0,0,0,0
629T,0,0,0,0,0,0,0,0,0,0,0,0,0,0,0,0,0.0,0,0,0
630P,0,0,0,0,0,0,0,0,0,0,0,0,0.0,0,0,0,0,0,0,0
631Y,0,0,0,0,0,0,0,0,0,0,0,0,0,0,0,0,0,0,0,0.0
632Q,0,0,0,0,0,0,0,0,0,0,0,0,0,0.0,0,0,0,0,0,0
633A,0.0,0,0,0,0,0,0,0,0,0,0,0,0,0,0,0,0,0,0,0
634L,0,0,0,0,0,0,0,0,0,0.0,0,0,0,0,0,0,0,0,0,0
635D,0,0,0.0,0,0,0,0,0,0,0,0,0,0,0,0,0,0,0,0,0
636S,0,0,0,0,0,0,0,0,0,0,0,0,0,0,0,0.0,0,0,0,0
637M,0,0,0,0,0,0,0,0,0,0,0.0,0,0,0,0,0,0,0,0,0
638D,0,0,0.0,0,0,0,0,0,0,0,0,0,0,0,0,0,0,0,0,0
639D,0,0,0.0,0,0,0,0,0,0,0,0,0,0,0,0,0,0,0,0,0
640A,0.0,0,0,0,0,0,0,0,0,0,0,0,0,0,0,0,0,0,0,0
641W,0,0,0,0,0,0,0,0,0,0,0,0,0,0,0,0,0,0,0.0,0
642S,0,0,0,0,0,0,0,0,0,0,0,0,0,0,0,0.0,0,0,0,0
643F,0,0,0,0,0.0,0,0,0,0,0,0,0,0,0,0,0,0,0,0,0
644R,0,0,0,0,0,0,0,0,0,0,0,0,0,0,0.0,0,0,0,0,0
645E,0,0,0,0.0,0,0,0,0,0,0,0,0,0,0,0,0,0,0,0,0
646L,0,0,0,0,0,0,0,0,0,0.0,0,0,0,0,0,0,0,0,0,0
647K,0,0,0,0,0,0,0,0,0.0,0,0,0,0,0,0,0,0,0,0,0
648A,0.0,0,0,0,0,0,0,0,0,0,0,0,0,0,0,0,0,0,0,0
649F,0,0,0,0,0.0,0,0,0,0,0,0,0,0,0,0,0,0,0,0,0
650V,0,0,0,0,0,0,0,0,0,0,0,0,0,0,0,0,0,0.0,0,0
651R,0,0,0,0,0,0,0,0,0,0,0,0,0,0,0.0,0,0,0,0,0
652E,0,0,0,0.0,0,0,0,0,0,0,0,0,0,0,0,0,0,0,0,0
653S,0,0,0,0,0,0,0,0,0,0,0,0,0,0,0,0.0,0,0,0,0
654K,0,0,0,0,0,0,0,0,0.0,0,0,0,0,0,0,0,0,0,0,0
655T,0,0,0,0,0,0,0,0,0,0,0,0,0,0,0,0,0.0,0,0,0
656L,0,0,0,0,0,0,0,0,0,0.0,0,0,0,0,0,0,0,0,0,0
657S,0,0,0,0,0,0,0,0,0,0,0,0,0,0,0,0.0,0,0,0,0
658N,0,0,0,0,0,0,0,0,0,0,0,0.0,0,0,0,0,0,0,0,0
659K,0,0,0,0,0,0,0,0,0.0,0,0,0,0,0,0,0,0,0,0,0
660K,0,0,0,0,0,0,0,0,0.0,0,0,0,0,0,0,0,0,0,0,0
661K,0,0,0,0,0,0,0,0,0.0,0,0,0,0,0,0,0,0,0,0,0
662E,0,0,0,0.0,0,0,0,0,0,0,0,0,0,0,0,0,0,0,0,0
663Y,0,0,0,0,0,0,0,0,0,0,0,0,0,0,0,0,0,0,0,0.0
664L,0,0,0,0,0,0,0,0,0,0.0,0,0,0,0,0,0,0,0,0,0
665L,0,0,0,0,0,0,0,0,0,0.0,0,0,0,0,0,0,0,0,0,0
666T,0,0,0,0,0,0,0,0,0,0,0,0,0,0,0,0,0.0,0,0,0
667E,0,0,0,0.0,0,0,0,0,0,0,0,0,0,0,0,0,0,0,0,0
668E,0,0,0,0.0,0,0,0,0,0,0,0,0,0,0,0,0,0,0,0,0
669D,0,0,0.0,0,0,0,0,0,0,0,0,0,0,0,0,0,0,0,0,0
670I,0,0,0,0,0,0,0,0.0,0,0,0,0,0,0,0,0,0,0,0,0
671S,0,0,0,0,0,0,0,0,0,0,0,0,0,0,0,0.0,0,0,0,0
672K,0,0,0,0,0,0,0,0,0.0,0,0,0,0,0,0,0,0,0,0,0
673F,0,0,0,0,0.0,0,0,0,0,0,0,0,0,0,0,0,0,0,0,0
674D,0,0,0.0,0,0,0,0,0,0,0,0,0,0,0,0,0,0,0,0,0
675V,0,0,0,0,0,0,0,0,0,0,0,0,0,0,0,0,0,0.0,0,0
676R,0,0,0,0,0,0,0,0,0,0,0,0,0,0,0.0,0,0,0,0,0
677K,0,0,0,0,0,0,0,0,0.0,0,0,0,0,0,0,0,0,0,0,0
678K,0,0,0,0,0,0,0,0,0.0,0,0,0,0,0,0,0,0,0,0,0
679F,0,0,0,0,0.0,0,0,0,0,0,0,0,0,0,0,0,0,0,0,0
680I,0,0,0,0,0,0,0,0.0,0,0,0,0,0,0,0,0,0,0,0,0
681E,0,0,0,0.0,0,0,0,0,0,0,0,0,0,0,0,0,0,0,0,0
682R,0,0,0,0,0,0,0,0,0,0,0,0,0,0,0.0,0,0,0,0,0
683N,0,0,0,0,0,0,0,0,0,0,0,0.0,0,0,0,0,0,0,0,0
684L,0,0,0,0,0,0,0,0,0,0.0,0,0,0,0,0,0,0,0,0,0
685V,0,0,0,0,0,0,0,0,0,0,0,0,0,0,0,0,0,0.0,0,0
686D,0,0,0.0,0,0,0,0,0,0,0,0,0,0,0,0,0,0,0,0,0
687T,0,0,0,0,0,0,0,0,0,0,0,0,0,0,0,0,0.0,0,0,0
688R,0,0,0,0,0,0,0,0,0,0,0,0,0,0,0.0,0,0,0,0,0
689Y,0,0,0,0,0,0,0,0,0,0,0,0,0,0,0,0,0,0,0,0.0
690A,0.0,0,0,0,0,0,0,0,0,0,0,0,0,0,0,0,0,0,0,0
691S,0,0,0,0,0,0,0,0,0,0,0,0,0,0,0,0.0,0,0,0,0
692R,0,0,0,0,0,0,0,0,0,0,0,0,0,0,0.0,0,0,0,0,0
693V,0,0,0,0,0,0,0,0,0,0,0,0,0,0,0,0,0,0.0,0,0
694V,0,0,0,0,0,0,0,0,0,0,0,0,0,0,0,0,0,0.0,0,0
695L,0,0,0,0,0,0,0,0,0,0.0,0,0,0,0,0,0,0,0,0,0
696N,0,0,0,0,0,0,0,0,0,0,0,0.0,0,0,0,0,0,0,0,0
697A,0.0,0,0,0,0,0,0,0,0,0,0,0,0,0,0,0,0,0,0,0
698L,0,0,0,0,0,0,0,0,0,0.0,0,0,0,0,0,0,0,0,0,0
699Q,0,0,0,0,0,0,0,0,0,0,0,0,0,0.0,0,0,0,0,0,0
700E,0,0,0,0.0,0,0,0,0,0,0,0,0,0,0,0,0,0,0,0,0
701H,0,0,0,0,0,0,0.0,0,0,0,0,0,0,0,0,0,0,0,0,0
702F,0,0,0,0,0.0,0,0,0,0,0,0,0,0,0,0,0,0,0,0,0
703R,0,0,0,0,0,0,0,0,0,0,0,0,0,0,0.0,0,0,0,0,0
704A,0.0,0,0,0,0,0,0,0,0,0,0,0,0,0,0,0,0,0,0,0
705H,0,0,0,0,0,0,0.0,0,0,0,0,0,0,0,0,0,0,0,0,0
706K,0,0,0,0,0,0,0,0,0.0,0,0,0,0,0,0,0,0,0,0,0
707I,0,0,0,0,0,0,0,0.0,0,0,0,0,0,0,0,0,0,0,0,0
708D,0,0,0.0,0,0,0,0,0,0,0,0,0,0,0,0,0,0,0,0,0
709T,0,0,0,0,0,0,0,0,0,0,0,0,0,0,0,0,0.0,0,0,0
710K,0,0,0,0,0,0,0,0,0.0,0,0,0,0,0,0,0,0,0,0,0
711V,0,0,0,0,0,0,0,0,0,0,0,0,0,0,0,0,0,0.0,0,0
712S,0,0,0,0,0,0,0,0,0,0,0,0,0,0,0,0.0,0,0,0,0
713V,0,0,0,0,0,0,0,0,0,0,0,0,0,0,0,0,0,0.0,0,0
714V,0,0,0,0,0,0,0,0,0,0,0,0,0,0,0,0,0,0.0,0,0
715R,0,0,0,0,0,0,0,0,0,0,0,0,0,0,0.0,0,0,0,0,0
716G,0,0,0,0,0,0.0,0,0,0,0,0,0,0,0,0,0,0,0,0,0
717Q,0,0,0,0,0,0,0,0,0,0,0,0,0,0.0,0,0,0,0,0,0
718F,0,0,0,0,0.0,0,0,0,0,0,0,0,0,0,0,0,0,0,0,0
719T,0,0,0,0,0,0,0,0,0,0,0,0,0,0,0,0,0.0,0,0,0
720S,0,0,0,0,0,0,0,0,0,0,0,0,0,0,0,0.0,0,0,0,0
721Q,0,0,0,0,0,0,0,0,0,0,0,0,0,0.0,0,0,0,0,0,0
722L,0,0,0,0,0,0,0,0,0,0.0,0,0,0,0,0,0,0,0,0,0
723R,0,0,0,0,0,0,0,0,0,0,0,0,0,0,0.0,0,0,0,0,0
724R,0,0,0,0,0,0,0,0,0,0,0,0,0,0,0.0,0,0,0,0,0
725H,0,0,0,0,0,0,0.0,0,0,0,0,0,0,0,0,0,0,0,0,0
726W,0,0,0,0,0,0,0,0,0,0,0,0,0,0,0,0,0,0,0.0,0
727G,0,0,0,0,0,0.0,0,0,0,0,0,0,0,0,0,0,0,0,0,0
728I,0,0,0,0,0,0,0,0.0,0,0,0,0,0,0,0,0,0,0,0,0
729E,0,0,0,0.0,0,0,0,0,0,0,0,0,0,0,0,0,0,0,0,0
730K,0,0,0,0,0,0,0,0,0.0,0,0,0,0,0,0,0,0,0,0,0
731T,0,0,0,0,0,0,0,0,0,0,0,0,0,0,0,0,0.0,0,0,0
732R,0,0,0,0,0,0,0,0,0,0,0,0,0,0,0.0,0,0,0,0,0
733D,0,0,0.0,0,0,0,0,0,0,0,0,0,0,0,0,0,0,0,0,0
734T,0,0,0,0,0,0,0,0,0,0,0,0,0,0,0,0,0.03418983159732097,0,0,0
735Y,0,0,0,0,0,0,0,0,0,0,0,0,0,0,0,0,0,0,0,0.0
736H,0,0,0,0,0,0,0.0,0,0,0,0,0,0,0,0,0,0,0,0,0
737H,0,0,0,0,0,0,0.0,0,0,0,0,0,0,0,0,0,0,0,0,0
738H,0,0,0,0,0,0,0.0,0,0,0,0,0,0,0,0,0,0,0,0,0
739A,0.0,0,0,0,0,0,0,0,0,0,0,0,0,0,0,0,0,0,0,0
740V,0,0,0,0,0,0,0,0,0,0,0,0,0,0,0,0,0,0.0,0,0
741D,0,0,0.0,0,0,0,0,0,0,0,0,0,0,0,0,0,0,0,0,0
742A,0.0,0,0,0,0,0,0,0,0,0,0,0,0,0,0,0,0,0,0,0
743L,0,0,0,0,0,0,0,0,0,0.0,0,0,0,0,0,0,0,0,0,0
744I,0,0,0,0,0,0,0,0.0,0,0,0,0,0,0,0,0,0,0,0,0
745I,0,0,0,0,0,0,0,0.0,0,0,0,0,0,0,0,0,0,0,0,0
746A,0.0,0,0,0,0,0,0,0,0,0,0,0,0,0,0,0,0,0,0,0
747A,0.0,0,0,0,0,0,0,0,0,0,0,0,0,0,0,0,0,0,0,0
748S,0,0,0,0,0,0,0,0,0,0,0,0,0,0,0,0.0,0,0,0,0
749S,0,0,0,0,0,0,0,0,0,0,0,0,0,0,0,0.0,0,0,0,0
750Q,0,0,0,0,0,0,0,0,0,0,0,0,0,0.0,0,0,0,0,0,0
751L,0,0,0,0,0,0,0,0,0,0.0,0,0,0,0,0,0,0,0,0,0
752N,0,0,0,0,0,0,0,0,0,0,0,0.0,0,0,0,0,0,0,0,0
753L,0,0,0,0,0,0,0,0,0,0.0,0,0,0,0,0,0,0,0,0,0
754W,0,0,0,0,0,0,0,0,0,0,0,0,0,0,0,0,0,0,0.0,0
755K,0,0,0,0,0,0,0,0,0.0,0,0,0,0,0,0,0,0,0,0,0
756K,0,0,0,0,0,0,0,0,0.0,0,0,0,0,0,0,0,0,0,0,0
757Q,0,0,0,0,0,0,0,0,0,0,0,0,0,0.0363406044609265,0,0,0,0,0,0
758K,0,0,0,0,0,0,0,0,0.0,0,0,0,0,0,0,0,0,0,0,0
759N,0,0,0,0,0,0,0,0,0,0,0,0.0,0,0,0,0,0,0,0,0
760T,0,0,0,0,0,0,0,0,0,0,0,0,0,0,0,0,0.0,0,0,0
761L,0,0,0,0,0,0,0,0,0,0.0,0,0,0,0,0,0,0,0,0,0
762V,0,0,0,0,0,0,0,0,0,0,0,0,0,0,0,0,0,0.0,0,0
763S,0,0,0,0,0,0,0,0,0,0,0,0,0,0,0,0.0,0,0,0,0
764Y,0,0,0,0,0,0,0,0,0,0,0,0,0,0,0,0,0,0,0,0.0
765S,0,0,0,0,0,0,0,0,0,0,0,0,0,0,0,0.0,0,0,0,0
766E,0,0,0,0.0,0,0,0,0,0,0,0,0,0,0,0,0,0,0,0,0
767D,0,0,0.0,0,0,0,0,0,0,0,0,0,0,0,0,0,0,0,0,0
768Q,0,0,0,0,0,0,0,0,0,0,0,0,0,0.0,0,0,0,0,0,0
769L,0,0,0,0,0,0,0,0,0,0.0,0,0,0,0,0,0,0,0,0,0
770L,0,0,0,0,0,0,0,0,0,0.0,0,0,0,0,0,0,0,0,0,0
771D,0,0,0.0,0,0,0,0,0,0,0,0,0,0,0,0,0,0,0,0,0
772I,0,0,0,0,0,0,0,0.0,0,0,0,0,0,0,0,0,0,0,0,0
773E,0,0,0,0.0,0,0,0,0,0,0,0,0,0,0,0,0,0,0,0,0
774T,0,0,0,0,0,0,0,0,0,0,0,0,0,0,0,0,0.0,0,0,0
775G,0,0,0,0,0,0.0,0,0,0,0,0,0,0,0,0,0,0,0,0,0
776E,0,0,0,0.0,0,0,0,0,0,0,0,0,0,0,0,0,0,0,0,0
777L,0,0,0,0,0,0,0,0,0,0.0,0,0,0,0,0,0,0,0,0,0
778I,0,0,0,0,0,0,0,0.0,0,0,0,0,0,0,0,0,0,0,0,0
779S,0,0,0,0,0,0,0,0,0,0,0,0,0,0,0,0.0,0,0,0,0
780D,0,0,0.0,0,0,0,0,0,0,0,0,0,0,0,0,0,0,0,0,0
781D,0,0,0.0,0,0,0,0,0,0,0,0,0,0,0,0,0,0,0,0,0
782E,0,0,0,0.0,0,0,0,0,0,0,0,0,0,0,0,0,0,0,0,0
783Y,0,0,0,0,0,0,0,0,0,0,0,0,0,0,0,0,0,0,0,0.0
784K,0,0,0,0,0,0,0,0,0.0,0,0,0,0,0,0,0,0,0,0,0
785E,0,0,0,0.0,0,0,0,0,0,0,0,0,0,0,0,0,0,0,0,0
786S,0,0,0,0,0,0,0,0,0,0,0,0,0,0,0,0.0,0,0,0,0
787V,0,0,0,0,0,0,0,0,0,0,0,0,0,0,0,0,0,0.0,0,0
788F,0,0,0,0,0.0,0,0,0,0,0,0,0,0,0,0,0,0,0,0,0
789K,0,0,0,0,0,0,0,0,0.0,0,0,0,0,0,0,0,0,0,0,0
790A,0.0,0,0,0,0,0,0,0,0,0,0,0,0,0,0,0,0,0,0,0
791P,0,0,0,0,0,0,0,0,0,0,0,0,0.0,0,0,0,0,0,0,0
792Y,0,0,0,0,0,0,0,0,0,0,0,0,0,0,0,0,0,0,0,0.0
793Q,0,0,0,0,0,0,0,0,0,0,0,0,0,0.0,0,0,0,0,0,0
794H,0,0,0,0,0,0,0.0,0,0,0,0,0,0,0,0,0,0,0,0,0
795F,0,0,0,0,0.0,0,0,0,0,0,0,0,0,0,0,0,0,0,0,0
796V,0,0,0,0,0,0,0,0,0,0,0,0,0,0,0,0,0,0.0,0,0
797D,0,0,0.0,0,0,0,0,0,0,0,0,0,0,0,0,0,0,0,0,0
798T,0,0,0,0,0,0,0,0,0,0,0,0,0,0,0,0,0.0,0,0,0
799L,0,0,0,0,0,0,0,0,0,0.0,0,0,0,0,0,0,0,0,0,0
800K,0,0,0,0,0,0,0,0,0.0,0,0,0,0,0,0,0,0,0,0,0
801S,0,0,0,0,0,0,0,0,0,0,0,0,0,0,0,0.0,0,0,0,0
802K,0,0,0,0,0,0,0,0,0.0,0,0,0,0,0,0,0,0,0,0,0
803E,0,0,0,0.0,0,0,0,0,0,0,0,0,0,0,0,0,0,0,0,0
804F,0,0,0,0,0.0,0,0,0,0,0,0,0,0,0,0,0,0,0,0,0
805E,0,0,0,0.0,0,0,0,0,0,0,0,0,0,0,0,0,0,0,0,0
806D,0,0,0.0,0,0,0,0,0,0,0,0,0,0,0,0,0,0,0,0,0
807S,0,0,0,0,0,0,0,0,0,0,0,0,0,0,0,0.0,0,0,0,0
808I,0,0,0,0,0,0,0,0.0,0,0,0,0,0,0,0,0,0,0,0,0
809L,0,0,0,0,0,0,0,0,0,0.0,0,0,0,0,0,0,0,0,0,0
810F,0,0,0,0,0.0,0,0,0,0,0,0,0,0,0,0,0,0,0,0,0
811S,0,0,0,0,0,0,0,0,0,0,0,0,0,0,0,0.0,0,0,0,0
812Y,0,0,0,0,0,0,0,0,0,0,0,0,0,0,0,0,0,0,0,0.0
813Q,0,0,0,0,0,0,0,0,0,0,0,0,0,0.0,0,0,0,0,0,0
814V,0,0,0,0,0,0,0,0,0,0,0,0,0,0,0,0,0,0.0,0,0
815D,0,0,0.0,0,0,0,0,0,0,0,0,0,0,0,0,0,0,0,0,0
816S,0,0,0,0,0,0,0,0,0,0,0,0,0,0,0,0.0,0,0,0,0
817K,0,0,0,0,0,0,0,0,0.0,0,0,0,0,0,0,0,0,0,0,0
818F,0,0,0,0,0.0,0,0,0,0,0,0,0,0,0,0,0,0,0,0,0
819N,0,0,0,0,0,0,0,0,0,0,0,0.0,0,0,0,0,0,0,0,0
820R,0,0,0,0,0,0,0,0,0,0,0,0,0,0,0.0,0,0,0,0,0
821K,0,0,0,0,0,0,0,0,0.0,0,0,0,0,0,0,0,0,0,0,0
822I,0,0,0,0,0,0,0,0.0,0,0,0,0,0,0,0,0,0,0,0,0
823S,0,0,0,0,0,0,0,0,0,0,0,0,0,0,0,0.0,0,0,0,0
824D,0,0,0.0,0,0,0,0,0,0,0,0,0,0,0,0,0,0,0,0,0
825A,0.0,0,0,0,0,0,0,0,0,0,0,0,0,0,0,0,0,0,0,0
826T,0,0,0,0,0,0,0,0,0,0,0,0,0,0,0,0,0.0,0,0,0
827I,0,0,0,0,0,0,0,0.0,0,0,0,0,0,0,0,0,0,0,0,0
828Y,0,0,0,0,0,0,0,0,0,0,0,0,0,0,0,0,0,0,0,0.0
829A,0.0,0,0,0,0,0,0,0,0,0,0,0,0,0,0,0,0,0,0,0
830T,0,0,0,0,0,0,0,0,0,0,0,0,0,0,0,0,0.0,0,0,0
831R,0,0,0,0,0,0,0,0,0,0,0,0,0,0,0.0,0,0,0,0,0
832Q,0,0,0,0,0,0,0,0,0,0,0,0,0,0.0,0,0,0,0,0,0
833A,0.0,0,0,0,0,0,0,0,0,0,0,0,0,0,0,0,0,0,0,0
834K,0,0,0,0,0,0,0,0,0.0,0,0,0,0,0,0,0,0,0,0,0
835V,0,0,0,0,0,0,0,0,0,0,0,0,0,0,0,0,0,0.0,0,0
836G,0,0,0,0,0,0.0,0,0,0,0,0,0,0,0,0,0,0,0,0,0
837K,0,0,0,0,0,0,0,0,0.0,0,0,0,0,0,0,0,0,0,0,0
838D,0,0,0.0,0,0,0,0,0,0,0,0,0,0,0,0,0,0,0,0,0
839K,0,0,0,0,0,0,0,0,0.0,0,0,0,0,0,0,0,0,0,0,0
840A,0.0,0,0,0,0,0,0,0,0,0,0,0,0,0,0,0,0,0,0,0
841D,0,0,0.0,0,0,0,0,0,0,0,0,0,0,0,0,0,0,0,0,0
842E,0,0,0,0.0,0,0,0,0,0,0,0,0,0,0,0,0,0,0,0,0
843T,0,0,0,0,0,0,0,0,0,0,0,0,0,0,0,0,0.0,0,0,0
844Y,0,0,0,0,0,0,0,0,0,0,0,0,0,0,0,0,0,0,0,0.0
845V,0,0,0,0,0,0,0,0,0,0,0,0,0,0,0,0,0,0.0,0,0
846L,0,0,0,0,0,0,0,0,0,0.0,0,0,0,0,0,0,0,0,0,0
847G,0,0,0,0,0,0.0,0,0,0,0,0,0,0,0,0,0,0,0,0,0
848K,0,0,0,0,0,0,0,0,0.0,0,0,0,0,0,0,0,0,0,0,0
849I,0,0,0,0,0,0,0,0.0,0,0,0,0,0,0,0,0,0,0,0,0
850K,0,0,0,0,0,0,0,0,0.0,0,0,0,0,0,0,0,0,0,0,0
851D,0,0,0.0,0,0,0,0,0,0,0,0,0,0,0,0,0,0,0,0,0
852I,0,0,0,0,0,0,0,0.0,0,0,0,0,0,0,0,0,0,0,0,0
853Y,0,0,0,0,0,0,0,0,0,0,0,0,0,0,0,0,0,0,0,0.0
854T,0,0,0,0,0,0,0,0,0,0,0,0,0,0,0,0,0.0,0,0,0
855Q,0,0,0,0,0,0,0,0,0,0,0,0,0,0.0,0,0,0,0,0,0
856D,0,0,0.0,0,0,0,0,0,0,0,0,0,0,0,0,0,0,0,0,0
857G,0,0,0,0,0,0.0,0,0,0,0,0,0,0,0,0,0,0,0,0,0
858Y,0,0,0,0,0,0,0,0,0,0,0,0,0,0,0,0,0,0,0,0.0
859D,0,0,0.0,0,0,0,0,0,0,0,0,0,0,0,0,0,0,0,0,0
860A,0.0,0,0,0,0,0,0,0,0,0,0,0,0,0,0,0,0,0,0,0
861F,0,0,0,0,0.0,0,0,0,0,0,0,0,0,0,0,0,0,0,0,0
862M,0,0,0,0,0,0,0,0,0,0,0.0,0,0,0,0,0,0,0,0,0
863K,0,0,0,0,0,0,0,0,0.0,0,0,0,0,0,0,0,0,0,0,0
864I,0,0,0,0,0,0,0,0.0,0,0,0,0,0,0,0,0,0,0,0,0
865Y,0,0,0,0,0,0,0,0,0,0,0,0,0,0,0,0,0,0,0,0.0
866K,0,0,0,0,0,0,0,0,0.0,0,0,0,0,0,0,0,0,0,0,0
867K,0,0,0,0,0,0,0,0,0.0,0,0,0,0,0,0,0,0,0,0,0
868D,0,0,0.0,0,0,0,0,0,0,0,0,0,0,0,0,0,0,0,0,0
869K,0,0,0,0,0,0,0,0,0.0,0,0,0,0,0,0,0,0,0,0,0
870S,0,0,0,0,0,0,0,0,0,0,0,0,0,0,0,0.0,0,0,0,0
871K,0,0,0,0,0,0,0,0,0.0,0,0,0,0,0,0,0,0,0,0,0
872F,0,0,0,0,0.0,0,0,0,0,0,0,0,0,0,0,0,0,0,0,0
873L,0,0,0,0,0,0,0,0,0,0.0,0,0,0,0,0,0,0,0,0,0
874M,0,0,0,0,0,0,0,0,0,0,0.0,0,0,0,0,0,0,0,0,0
875Y,0,0,0,0,0,0,0,0,0,0,0,0,0,0,0,0,0,0,0,0.0
876R,0,0,0,0,0,0,0,0,0,0,0,0,0,0,0.0,0,0,0,0,0
877H,0,0,0,0,0,0,0.0,0,0,0,0,0,0,0,0,0,0,0,0,0
878D,0,0,0.0,0,0,0,0,0,0,0,0,0,0,0,0,0,0,0,0,0
879P,0,0,0,0,0,0,0,0,0,0,0,0,0.0,0,0,0,0,0,0,0
880Q,0,0,0,0,0,0,0,0,0,0,0,0,0,0.0,0,0,0,0,0,0
881T,0,0,0,0,0,0,0,0,0,0,0,0,0,0,0,0,0.0,0,0,0
882F,0,0,0,0,0.0,0,0,0,0,0,0,0,0,0,0,0,0,0,0,0
883E,0,0,0,0.0,0,0,0,0,0,0,0,0,0,0,0,0,0,0,0,0
884K,0,0,0,0,0,0,0,0,0.0,0,0,0,0,0,0,0,0,0,0,0
885V,0,0,0,0,0,0,0,0,0,0,0,0,0,0,0,0,0,0.0,0,0
886I,0,0,0,0,0,0,0,0.0,0,0,0,0,0,0,0,0,0,0,0,0
887E,0,0,0,0.0,0,0,0,0,0,0,0,0,0,0,0,0,0,0,0,0
888P,0,0,0,0,0,0,0,0,0,0,0,0,0.0,0,0,0,0,0,0,0
889I,0,0,0,0,0,0,0,0.0,0,0,0,0,0,0,0,0,0,0,0,0
890L,0,0,0,0,0,0,0,0,0,0.0,0,0,0,0,0,0,0,0,0,0
891E,0,0,0,0.0,0,0,0,0,0,0,0,0,0,0,0,0,0,0,0,0
892N,0,0,0,0,0,0,0,0,0,0,0,0.0,0,0,0,0,0,0,0,0
893Y,0,0,0,0,0,0,0,0,0,0,0,0,0,0,0,0,0,0,0,0.0
894P,0,0,0,0,0,0,0,0,0,0,0,0,0.0,0,0,0,0,0,0,0
895N,0,0,0,0,0,0,0,0,0,0,0,0.0,0,0,0,0,0,0,0,0
896K,0,0,0,0,0,0,0,0,0.0,0,0,0,0,0,0,0,0,0,0,0
897Q,0,0,0,0,0,0,0,0,0,0,0,0,0,0.0,0,0,0,0,0,0
898I,0,0,0,0,0,0,0,0.0,0,0,0,0,0,0,0,0,0,0,0,0
899N,0,0,0,0,0,0,0,0,0,0,0,0.0,0,0,0,0,0,0,0,0
900E,0,0,0,0.0,0,0,0,0,0,0,0,0,0,0,0,0,0,0,0,0
901K,0,0,0,0,0,0,0,0,0.0,0,0,0,0,0,0,0,0,0,0,0
902G,0,0,0,0,0,0.0,0,0,0,0,0,0,0,0,0,0,0,0,0,0
903K,0,0,0,0,0,0,0,0,0.0,0,0,0,0,0,0,0,0,0,0,0
904E,0,0,0,0.0,0,0,0,0,0,0,0,0,0,0,0,0,0,0,0,0
905V,0,0,0,0,0,0,0,0,0,0,0,0,0,0,0,0,0,0.0,0,0
906P,0,0,0,0,0,0,0,0,0,0,0,0,0.0,0,0,0,0,0,0,0
907C,0,0.0,0,0,0,0,0,0,0,0,0,0,0,0,0,0,0,0,0,0
908N,0,0,0,0,0,0,0,0,0,0,0,0.0,0,0,0,0,0,0,0,0
909P,0,0,0,0,0,0,0,0,0,0,0,0,0.0,0,0,0,0,0,0,0
910F,0,0,0,0,0.0,0,0,0,0,0,0,0,0,0,0,0,0,0,0,0
911L,0,0,0,0,0,0,0,0,0,0.0,0,0,0,0,0,0,0,0,0,0
912K,0,0,0,0,0,0,0,0,0.0,0,0,0,0,0,0,0,0,0,0,0
913Y,0,0,0,0,0,0,0,0,0,0,0,0,0,0,0,0,0,0,0,0.0
914K,0,0,0,0,0,0,0,0,0.0,0,0,0,0,0,0,0,0,0,0,0
915E,0,0,0,0.0,0,0,0,0,0,0,0,0,0,0,0,0,0,0,0,0
916E,0,0,0,0.0,0,0,0,0,0,0,0,0,0,0,0,0,0,0,0,0
917H,0,0,0,0,0,0,0.0,0,0,0,0,0,0,0,0,0,0,0,0,0
918G,0,0,0,0,0,0.0,0,0,0,0,0,0,0,0,0,0,0,0,0,0
919Y,0,0,0,0,0,0,0,0,0,0,0,0,0,0,0,0,0,0,0,0.0
920I,0,0,0,0,0,0,0,0.0,0,0,0,0,0,0,0,0,0,0,0,0
921R,0,0,0,0,0,0,0,0,0,0,0,0,0,0,0.0,0,0,0,0,0
922K,0,0,0,0,0,0,0,0,0.0,0,0,0,0,0,0,0,0,0,0,0
923Y,0,0,0,0,0,0,0,0,0,0,0,0,0,0,0,0,0,0,0,0.0
924S,0,0,0,0,0,0,0,0,0,0,0,0,0,0,0,0.0,0,0,0,0
925K,0,0,0,0,0,0,0,0,0.0,0,0,0,0,0,0,0,0,0,0,0
926K,0,0,0,0,0,0,0,0,0.0,0,0,0,0,0,0,0,0,0,0,0
927G,0,0,0,0,0,0.0,0,0,0,0,0,0,0,0,0,0,0,0,0,0
928N,0,0,0,0,0,0,0,0,0,0,0,0.0,0,0,0,0,0,0,0,0
929G,0,0,0,0,0,0.0,0,0,0,0,0,0,0,0,0,0,0,0,0,0
930P,0,0,0,0,0,0,0,0,0,0,0,0,0.0,0,0,0,0,0,0,0
931E,0,0,0,0.0,0,0,0,0,0,0,0,0,0,0,0,0,0,0,0,0
932I,0,0,0,0,0,0,0,0.0,0,0,0,0,0,0,0,0,0,0,0,0
933K,0,0,0,0,0,0,0,0,0.0,0,0,0,0,0,0,0,0,0,0,0
934S,0,0,0,0,0,0,0,0,0,0,0,0,0,0,0,0.0,0,0,0,0
935L,0,0,0,0,0,0,0,0,0,0.0,0,0,0,0,0,0,0,0,0,0
936K,0,0,0,0,0,0,0,0,0.07760294581209437,0,0,0,0,0,0,0,0,0,0,0
937Y,0,0,0,0,0,0,0,0,0,0,0,0,0,0,0,0,0,0,0,0.0
938Y,0,0,0,0,0,0,0,0,0,0,0,0,0,0,0,0,0,0,0,0.0
939D,0,0,0.0,0,0,0,0,0,0,0,0,0,0,0,0,0,0,0,0,0
940S,0,0,0,0,0,0,0,0,0,0,0,0,0,0,0,0.0,0,0,0,0
941K,0,0,0,0,0,0,0,0,0.0,0,0,0,0,0,0,0,0,0,0,0
942L,0,0,0,0,0,0,0,0,0,0.0,0,0,0,0,0,0,0,0,0,0
943G,0,0,0,0,0,0.0,0,0,0,0,0,0,0,0,0,0,0,0,0,0
944N,0,0,0,0,0,0,0,0,0,0,0,0.0,0,0,0,0,0,0,0,0
945H,0,0,0,0,0,0,0.04194239342215438,0,0,0,0,0,0,0,0,0,0,0,0,0
946I,0,0,0,0,0,0,0,0.0,0,0,0,0,0,0,0,0,0,0,0,0
947D,0,0,0.0980147092497951,0,0,0,0,0,0,0,0,0,0,0,0,0,0,0,0,0
948I,0,0,0,0,0,0,0,0.09504188811618366,0,0,0,0,0,0,0,0,0,0,0,0
949T,0,0,0,0,0,0,0,0,0,0,0,0,0,0,0,0,0.0,0,0,0
950P,0,0,0,0,0,0,0,0,0,0,0,0,0.0,0,0,0,0,0,0,0
951K,0,0,0,0,0,0,0,0,0.0,0,0,0,0,0,0,0,0,0,0,0
952D,0,0,0.0,0,0,0,0,0,0,0,0,0,0,0,0,0,0,0,0,0
953S,0,0,0,0,0,0,0,0,0,0,0,0,0,0,0,0.0,0,0,0,0
954N,0,0,0,0,0,0,0,0,0,0,0,0.0,0,0,0,0,0,0,0,0
955N,0,0,0,0,0,0,0,0,0,0,0,0.0,0,0,0,0,0,0,0,0
956K,0,0,0,0,0,0,0,0,0.0,0,0,0,0,0,0,0,0,0,0,0
957V,0,0,0,0,0,0,0,0,0,0,0,0,0,0,0,0,0,0.0,0,0
958V,0,0,0,0,0,0,0,0,0,0,0,0,0,0,0,0,0,0.0,0,0
959L,0,0,0,0,0,0,0,0,0,0.0,0,0,0,0,0,0,0,0,0,0
960Q,0,0,0,0,0,0,0,0,0,0,0,0,0,0.0,0,0,0,0,0,0
961S,0,0,0,0,0,0,0,0,0,0,0,0,0,0,0,0.0,0,0,0,0
962V,0,0,0,0,0,0,0,0,0,0,0,0,0,0,0,0,0,0.0,0,0
963S,0,0,0,0,0,0,0,0,0,0,0,0,0,0,0,0.0,0,0,0,0
964P,0,0,0,0,0,0,0,0,0,0,0,0,0.0,0,0,0,0,0,0,0
965W,0,0,0,0,0,0,0,0,0,0,0,0,0,0,0,0,0,0,0.0,0
966R,0,0,0,0,0,0,0,0,0,0,0,0,0,0,0.0,0,0,0,0,0
967A,0.0,0,0,0,0,0,0,0,0,0,0,0,0,0,0,0,0,0,0,0
968D,0,0,0.0,0,0,0,0,0,0,0,0,0,0,0,0,0,0,0,0,0
969V,0,0,0,0,0,0,0,0,0,0,0,0,0,0,0,0,0,0.1995137265638491,0,0
970Y,0,0,0,0,0,0,0,0,0,0,0,0,0,0,0,0,0,0,0,0.0
971F,0,0,0,0,0.0,0,0,0,0,0,0,0,0,0,0,0,0,0,0,0
972N,0,0,0,0,0,0,0,0,0,0,0,0.0,0,0,0,0,0,0,0,0
973K,0,0,0,0,0,0,0,0,0.0,0,0,0,0,0,0,0,0,0,0,0
974T,0,0,0,0,0,0,0,0,0,0,0,0,0,0,0,0,0.0,0,0,0
975T,0,0,0,0,0,0,0,0,0,0,0,0,0,0,0,0,0.0,0,0,0
976G,0,0,0,0,0,0.0,0,0,0,0,0,0,0,0,0,0,0,0,0,0
977K,0,0,0,0,0,0,0,0,0.0,0,0,0,0,0,0,0,0,0,0,0
978Y,0,0,0,0,0,0,0,0,0,0,0,0,0,0,0,0,0,0,0,0.0
979E,0,0,0,0.0,0,0,0,0,0,0,0,0,0,0,0,0,0,0,0,0
980I,0,0,0,0,0,0,0,0.0,0,0,0,0,0,0,0,0,0,0,0,0
981L,0,0,0,0,0,0,0,0,0,0.0,0,0,0,0,0,0,0,0,0,0
982G,0,0,0,0,0,0.0,0,0,0,0,0,0,0,0,0,0,0,0,0,0
983L,0,0,0,0,0,0,0,0,0,0.0,0,0,0,0,0,0,0,0,0,0
984K,0,0,0,0,0,0,0,0,0.0,0,0,0,0,0,0,0,0,0,0,0
985Y,0,0,0,0,0,0,0,0,0,0,0,0,0,0,0,0,0,0,0,0.0
986A,0.0,0,0,0,0,0,0,0,0,0,0,0,0,0,0,0,0,0,0,0
987D,0,0,0.0,0,0,0,0,0,0,0,0,0,0,0,0,0,0,0,0,0
988L,0,0,0,0,0,0,0,0,0,0.0,0,0,0,0,0,0,0,0,0,0
989Q,0,0,0,0,0,0,0,0,0,0,0,0,0,0.0,0,0,0,0,0,0
990F,0,0,0,0,0.0,0,0,0,0,0,0,0,0,0,0,0,0,0,0,0
991E,0,0,0,0.0,0,0,0,0,0,0,0,0,0,0,0,0,0,0,0,0
992K,0,0,0,0,0,0,0,0,0.0,0,0,0,0,0,0,0,0,0,0,0
993G,0,0,0,0,0,0.0,0,0,0,0,0,0,0,0,0,0,0,0,0,0
994T,0,0,0,0,0,0,0,0,0,0,0,0,0,0,0,0,0.0,0,0,0
995G,0,0,0,0,0,0.0,0,0,0,0,0,0,0,0,0,0,0,0,0,0
996T,0,0,0,0,0,0,0,0,0,0,0,0,0,0,0,0,0.0,0,0,0
997Y,0,0,0,0,0,0,0,0,0,0,0,0,0,0,0,0,0,0,0,0.0
998K,0,0,0,0,0,0,0,0,0.0,0,0,0,0,0,0,0,0,0,0,0
999I,0,0,0,0,0,0,0,0.0,0,0,0,0,0,0,0,0,0,0,0,0
1000S,0,0,0,0,0,0,0,0,0,0,0,0,0,0,0,0.0,0,0,0,0
1001Q,0,0,0,0,0,0,0,0,0,0,0,0,0,0.0,0,0,0,0,0,0
1002E,0,0,0,0.0,0,0,0,0,0,0,0,0,0,0,0,0,0,0,0,0
1003K,0,0,0,0,0,0,0,0,0.0,0,0,0,0,0,0,0,0,0,0,0
1004Y,0,0,0,0,0,0,0,0,0,0,0,0,0,0,0,0,0,0,0,0.0
1005N,0,0,0,0,0,0,0,0,0,0,0,0.0,0,0,0,0,0,0,0,0
1006D,0,0,0.0,0,0,0,0,0,0,0,0,0,0,0,0,0,0,0,0,0
1007I,0,0,0,0,0,0,0,0.0,0,0,0,0,0,0,0,0,0,0,0,0
1008K,0,0,0,0,0,0,0,0,0.0,0,0,0,0,0,0,0,0,0,0,0
1009K,0,0,0,0,0,0,0,0,0.0,0,0,0,0,0,0,0,0,0,0,0
1010K,0,0,0,0,0,0,0,0,0.0,0,0,0,0,0,0,0,0,0,0,0
1011E,0,0,0,0.0,0,0,0,0,0,0,0,0,0,0,0,0,0,0,0,0
1012G,0,0,0,0,0,0.0,0,0,0,0,0,0,0,0,0,0,0,0,0,0
1013V,0,0,0,0,0,0,0,0,0,0,0,0,0,0,0,0,0,0.0,0,0
1014D,0,0,0.0,0,0,0,0,0,0,0,0,0,0,0,0,0,0,0,0,0
1015S,0,0,0,0,0,0,0,0,0,0,0,0,0,0,0,0.0,0,0,0,0
1016D,0,0,0.0,0,0,0,0,0,0,0,0,0,0,0,0,0,0,0,0,0
1017S,0,0,0,0,0,0,0,0,0,0,0,0,0,0,0,0.0,0,0,0,0
1018E,0,0,0,0.0,0,0,0,0,0,0,0,0,0,0,0,0,0,0,0,0
1019F,0,0,0,0,0.0,0,0,0,0,0,0,0,0,0,0,0,0,0,0,0
1020K,0,0,0,0,0,0,0,0,0.0,0,0,0,0,0,0,0,0,0,0,0
1021F,0,0,0,0,0.0,0,0,0,0,0,0,0,0,0,0,0,0,0,0,0
1022T,0,0,0,0,0,0,0,0,0,0,0,0,0,0,0,0,0.0,0,0,0
1023L,0,0,0,0,0,0,0,0,0,0.0,0,0,0,0,0,0,0,0,0,0
1024Y,0,0,0,0,0,0,0,0,0,0,0,0,0,0,0,0,0,0,0,0.0
1025K,0,0,0,0,0,0,0,0,0.0,0,0,0,0,0,0,0,0,0,0,0
1026N,0,0,0,0,0,0,0,0,0,0,0,0.0,0,0,0,0,0,0,0,0
1027D,0,0,0.0,0,0,0,0,0,0,0,0,0,0,0,0,0,0,0,0,0
1028L,0,0,0,0,0,0,0,0,0,0.0,0,0,0,0,0,0,0,0,0,0
1029L,0,0,0,0,0,0,0,0,0,0.0,0,0,0,0,0,0,0,0,0,0
1030L,0,0,0,0,0,0,0,0,0,0.0,0,0,0,0,0,0,0,0,0,0
1031V,0,0,0,0,0,0,0,0,0,0,0,0,0,0,0,0,0,0.0,0,0
1032K,0,0,0,0,0,0,0,0,0.0,0,0,0,0,0,0,0,0,0,0,0
1033D,0,0,0.0,0,0,0,0,0,0,0,0,0,0,0,0,0,0,0,0,0
1034T,0,0,0,0,0,0,0,0,0,0,0,0,0,0,0,0,0.0,0,0,0
1035E,0,0,0,0.0,0,0,0,0,0,0,0,0,0,0,0,0,0,0,0,0
1036T,0,0,0,0,0,0,0,0,0,0,0,0,0,0,0,0,0.0,0,0,0
1037K,0,0,0,0,0,0,0,0,0.0,0,0,0,0,0,0,0,0,0,0,0
1038E,0,0,0,0.0,0,0,0,0,0,0,0,0,0,0,0,0,0,0,0,0
1039Q,0,0,0,0,0,0,0,0,0,0,0,0,0,0.0,0,0,0,0,0,0
1040Q,0,0,0,0,0,0,0,0,0,0,0,0,0,0.0,0,0,0,0,0,0
1041L,0,0,0,0,0,0,0,0,0,0.0,0,0,0,0,0,0,0,0,0,0
1042F,0,0,0,0,0.0,0,0,0,0,0,0,0,0,0,0,0,0,0,0,0
1043R,0,0,0,0,0,0,0,0,0,0,0,0,0,0,0.0,0,0,0,0,0
1044F,0,0,0,0,0.0,0,0,0,0,0,0,0,0,0,0,0,0,0,0,0
1045L,0,0,0,0,0,0,0,0,0,0.0,0,0,0,0,0,0,0,0,0,0
1046S,0,0,0,0,0,0,0,0,0,0,0,0,0,0,0,0.0,0,0,0,0
1047R,0,0,0,0,0,0,0,0,0,0,0,0,0,0,0.0,0,0,0,0,0
1048T,0,0,0,0,0,0,0,0,0,0,0,0,0,0,0,0,0.0,0,0,0
1049M,0,0,0,0,0,0,0,0,0,0,0.0,0,0,0,0,0,0,0,0,0
1050P,0,0,0,0,0,0,0,0,0,0,0,0,0.0,0,0,0,0,0,0,0
1051K,0,0,0,0,0,0,0,0,0.0,0,0,0,0,0,0,0,0,0,0,0
1052Q,0,0,0,0,0,0,0,0,0,0,0,0,0,0.0,0,0,0,0,0,0
1053K,0,0,0,0,0,0,0,0,0.0,0,0,0,0,0,0,0,0,0,0,0
1054H,0,0,0,0,0,0,0.0,0,0,0,0,0,0,0,0,0,0,0,0,0
1055Y,0,0,0,0,0,0,0,0,0,0,0,0,0,0,0,0,0,0,0,0.0
1056V,0,0,0,0,0,0,0,0,0,0,0,0,0,0,0,0,0,0.0,0,0
1057E,0,0,0,0.0,0,0,0,0,0,0,0,0,0,0,0,0,0,0,0,0
1058L,0,0,0,0,0,0,0,0,0,0.0,0,0,0,0,0,0,0,0,0,0
1059K,0,0,0,0,0,0,0,0,0.0,0,0,0,0,0,0,0,0,0,0,0
1060P,0,0,0,0,0,0,0,0,0,0,0,0,0.0,0,0,0,0,0,0,0
1061Y,0,0,0,0,0,0,0,0,0,0,0,0,0,0,0,0,0,0,0,0.0
1062D,0,0,0.0,0,0,0,0,0,0,0,0,0,0,0,0,0,0,0,0,0
1063K,0,0,0,0,0,0,0,0,0.0,0,0,0,0,0,0,0,0,0,0,0
1064Q,0,0,0,0,0,0,0,0,0,0,0,0,0,0.0,0,0,0,0,0,0
1065K,0,0,0,0,0,0,0,0,0.0,0,0,0,0,0,0,0,0,0,0,0
1066F,0,0,0,0,0.0,0,0,0,0,0,0,0,0,0,0,0,0,0,0,0
1067E,0,0,0,0.0,0,0,0,0,0,0,0,0,0,0,0,0,0,0,0,0
1068G,0,0,0,0,0,0.0,0,0,0,0,0,0,0,0,0,0,0,0,0,0
1069G,0,0,0,0,0,0.0,0,0,0,0,0,0,0,0,0,0,0,0,0,0
1070E,0,0,0,0.0,0,0,0,0,0,0,0,0,0,0,0,0,0,0,0,0
1071A,0.0,0,0,0,0,0,0,0,0,0,0,0,0,0,0,0,0,0,0,0
1072L,0,0,0,0,0,0,0,0,0,0.0,0,0,0,0,0,0,0,0,0,0
1073I,0,0,0,0,0,0,0,0.0,0,0,0,0,0,0,0,0,0,0,0,0
1074K,0,0,0,0,0,0,0,0,0.0,0,0,0,0,0,0,0,0,0,0,0
1075V,0,0,0,0,0,0,0,0,0,0,0,0,0,0,0,0,0,0.0,0,0
1076L,0,0,0,0,0,0,0,0,0,0.0,0,0,0,0,0,0,0,0,0,0
1077G,0,0,0,0,0,0.0,0,0,0,0,0,0,0,0,0,0,0,0,0,0
1078N,0,0,0,0,0,0,0,0,0,0,0,0.0,0,0,0,0,0,0,0,0
1079V,0,0,0,0,0,0,0,0,0,0,0,0,0,0,0,0,0,0.0,0,0
1080A,0.0,0,0,0,0,0,0,0,0,0,0,0,0,0,0,0,0,0,0,0
1081N,0,0,0,0,0,0,0,0,0,0,0,0.0,0,0,0,0,0,0,0,0
1082S,0,0,0,0,0,0,0,0,0,0,0,0,0,0,0,0.0,0,0,0,0
1083G,0,0,0,0,0,0.0,0,0,0,0,0,0,0,0,0,0,0,0,0,0
1084Q,0,0,0,0,0,0,0,0,0,0,0,0,0,0.0,0,0,0,0,0,0
1085C,0,0.0,0,0,0,0,0,0,0,0,0,0,0,0,0,0,0,0,0,0
1086K,0,0,0,0,0,0,0,0,0.0,0,0,0,0,0,0,0,0,0,0,0
1087K,0,0,0,0,0,0,0,0,0.0,0,0,0,0,0,0,0,0,0,0,0
1088G,0,0,0,0,0,0.0,0,0,0,0,0,0,0,0,0,0,0,0,0,0
1089L,0,0,0,0,0,0,0,0,0,0.0,0,0,0,0,0,0,0,0,0,0
1090G,0,0,0,0,0,0.0,0,0,0,0,0,0,0,0,0,0,0,0,0,0
1091K,0,0,0,0,0,0,0,0,0.0,0,0,0,0,0,0,0,0,0,0,0
1092S,0,0,0,0,0,0,0,0,0,0,0,0,0,0,0,0.0,0,0,0,0
1093N,0,0,0,0,0,0,0,0,0,0,0,0.0,0,0,0,0,0,0,0,0
1094I,0,0,0,0,0,0,0,0.0,0,0,0,0,0,0,0,0,0,0,0,0
1095S,0,0,0,0,0,0,0,0,0,0,0,0,0,0,0,0.0,0,0,0,0
1096I,0,0,0,0,0,0,0,0.0,0,0,0,0,0,0,0,0,0,0,0,0
1097Y,0,0,0,0,0,0,0,0,0,0,0,0,0,0,0,0,0,0,0,0.0
1098K,0,0,0,0,0,0,0,0,0.0,0,0,0,0,0,0,0,0,0,0,0
1099V,0,0,0,0,0,0,0,0,0,0,0,0,0,0,0,0,0,0.0,0,0
1100R,0,0,0,0,0,0,0,0,0,0,0,0,0,0,0.049106279616844925,0,0,0,0,0
1101T,0,0,0,0,0,0,0,0,0,0,0,0,0,0,0,0,0.0,0,0,0
1102D,0,0,0.0,0,0,0,0,0,0,0,0,0,0,0,0,0,0,0,0,0
1103V,0,0,0,0,0,0,0,0,0,0,0,0,0,0,0,0,0,0.0,0,0
1104L,0,0,0,0,0,0,0,0,0,0.0,0,0,0,0,0,0,0,0,0,0
1105G,0,0,0,0,0,0.0,0,0,0,0,0,0,0,0,0,0,0,0,0,0
1106N,0,0,0,0,0,0,0,0,0,0,0,0.0,0,0,0,0,0,0,0,0
1107Q,0,0,0,0,0,0,0,0,0,0,0,0,0,0.25001222941449885,0,0,0,0,0,0
1108H,0,0,0,0,0,0,0.1453406417202815,0,0,0,0,0,0,0,0,0,0,0,0,0
1109I,0,0,0,0,0,0,0,0.8226811860680162,0,0,0,0,0,0,0,0,0,0,0,0
1110I,0,0,0,0,0,0,0,1.0,0,0,0,0,0,0,0,0,0,0,0,0
1111K,0,0,0,0,0,0,0,0,0.0,0,0,0,0,0,0,0,0,0,0,0
1112N,0,0,0,0,0,0,0,0,0,0,0,0.0,0,0,0,0,0,0,0,0
1113E,0,0,0,0.0,0,0,0,0,0,0,0,0,0,0,0,0,0,0,0,0
1114G,0,0,0,0,0,0.0,0,0,0,0,0,0,0,0,0,0,0,0,0,0
1115D,0,0,0.0,0,0,0,0,0,0,0,0,0,0,0,0,0,0,0,0,0
1116K,0,0,0,0,0,0,0,0,0.0,0,0,0,0,0,0,0,0,0,0,0
1117P,0,0,0,0,0,0,0,0,0,0,0,0,0.0,0,0,0,0,0,0,0
1118K,0,0,0,0,0,0,0,0,0.0,0,0,0,0,0,0,0,0,0,0,0
1119L,0,0,0,0,0,0,0,0,0,0.0,0,0,0,0,0,0,0,0,0,0
1120D,0,0,0.0,0,0,0,0,0,0,0,0,0,0,0,0,0,0,0,0,0
1121F,0,0,0,0,0.025398206219977865,0,0,0,0,0,0,0,0,0,0,0,0,0,0,0
