id,pred_score
sp|A0R152|RNE_MYCS2 Ribonuclease E OS=Mycolicibacterium smegmatis (strain ATCC 700084 / mc(2)155) OX=246196 GN=rne PE=1 SV=1,0.5610814061159701
sp|A1ZAW0|DCR2_DROME Endoribonuclease Dcr-2 OS=Drosophila melanogaster OX=7227 GN=Dcr-2 PE=1 SV=1,0.03950725822307649
sp|A7LFZ6|DCL4_ORYSJ Endoribonuclease Dicer homolog 4 OS=Oryza sativa subsp. japonica OX=39947 GN=DCL4 PE=2 SV=1,0.038948020300640755
sp|B1WC58|CTIP_RAT DNA endonuclease RBBP8 OS=Rattus norvegicus OX=10116 GN=Rbbp8 PE=2 SV=1,0.321272412667216
sp|D2HNY3|FAN1_AILME Fanconi-associated nuclease 1 OS=Ailuropoda melanoleuca OX=9646 GN=FAN1 PE=3 SV=2,0.42305182204530023
sp|F1NQJ3|PMS2_CHICK Mismatch repair endonuclease PMS2 OS=Gallus gallus OX=9031 GN=PMS2 PE=2 SV=3,0.15643704339465284
"sp|F4IV66|RNE_ARATH Ribonuclease E/G-like protein, chloroplastic OS=Arabidopsis thaliana OX=3702 GN=RNE PE=1 SV=1",0.6578787134569543
sp|H9T8G6|CDIA9_BURPE tRNA nuclease CdiA (Fragment) OS=Burkholderia pseudomallei OX=28450 GN=cdiA PE=1 SV=1,0.026158329520427723
sp|O01326|RNC_CAEEL Ribonuclease 3 OS=Caenorhabditis elegans OX=6239 GN=drsh-1 PE=2 SV=2,0.14862951235514504
sp|O14040|DI3L2_SCHPO DIS3-like exonuclease 2 OS=Schizosaccharomyces pombe (strain 972 / ATCC 24843) OX=284812 GN=dis32 PE=1 SV=1,0.8465080368183914
sp|P08956|T1RK_ECOLI Type I restriction enzyme EcoKI endonuclease subunit OS=Escherichia coli (strain K12) OX=83333 GN=hsdR PE=1 SV=3,0.5
sp|P10486|T1R1_ECOLX Type I restriction enzyme EcoR124I/EcoR124II endonuclease subunit OS=Escherichia coli OX=562 GN=hsdR PE=1 SV=2,0.35373575807680885
sp|P13458|SBCC_ECOLI Nuclease SbcCD subunit C OS=Escherichia coli (strain K12) OX=83333 GN=sbcC PE=1 SV=1,0.3879016942068081
sp|P21499|RNR_ECOLI Ribonuclease R OS=Escherichia coli (strain K12) OX=83333 GN=rnr PE=1 SV=2,0.2944413764346737
sp|P21513|RNE_ECOLI Ribonuclease E OS=Escherichia coli (strain K12) OX=83333 GN=rne PE=1 SV=6,0.03949031421499122
sp|P22147|XRN1_YEAST 5'-3' exoribonuclease 1 OS=Saccharomyces cerevisiae (strain ATCC 204508 / S288c) OX=559292 GN=XRN1 PE=1 SV=1,0.5853065195144119
sp|P31384|CCR4_YEAST CCR4-Not complex 3'-5'-exoribonuclease subunit Ccr4 OS=Saccharomyces cerevisiae (strain ATCC 204508 / S288c) OX=559292 GN=CCR4 PE=1 SV=2,0.1107096718731764
sp|P34607|MUT7_CAEEL Exonuclease mut-7 OS=Caenorhabditis elegans OX=6239 GN=mut-7 PE=1 SV=1,0.014258557927782283
sp|P37202|DIS3_SCHPO Exosome complex exonuclease dis3 OS=Schizosaccharomyces pombe (strain 972 / ATCC 24843) OX=284812 GN=dis3 PE=1 SV=1,0.0342902081555678
"sp|P39112|DSS1_YEAST Exoribonuclease II, mitochondrial OS=Saccharomyces cerevisiae (strain ATCC 204508 / S288c) OX=559292 GN=DSS1 PE=1 SV=2",0.034111375564562965
sp|P40383|XRN1_SCHPO 5'-3' exoribonuclease 1 OS=Schizosaccharomyces pombe (strain 972 / ATCC 24843) OX=284812 GN=exo2 PE=1 SV=1,0.33639324798899944
sp|P40848|XRN2_SCHPO 5'-3' exoribonuclease 2 OS=Schizosaccharomyces pombe (strain 972 / ATCC 24843) OX=284812 GN=dhp1 PE=1 SV=1,0.42281380242056316
sp|P54278|PMS2_HUMAN Mismatch repair endonuclease PMS2 OS=Homo sapiens OX=9606 GN=PMS2 PE=1 SV=2,0.0051973135361882885
sp|P54279|PMS2_MOUSE Mismatch repair endonuclease PMS2 OS=Mus musculus OX=10090 GN=Pms2 PE=2 SV=2,0.005685274366850893
sp|P54602|YHCR_BACSU Endonuclease YhcR OS=Bacillus subtilis (strain 168) OX=224308 GN=yhcR PE=1 SV=1,0.4760309443525052
sp|P71629|CAS10_MYCTU CRISPR system single-strand-specific deoxyribonuclease Cas10/Csm1 (subtype III-A) OS=Mycobacterium tuberculosis (strain ATCC 25618 / H37Rv) OX=83332 GN=cas10 PE=1 SV=1,0.00673525840812156
sp|P71905|RNE_MYCTU Ribonuclease E OS=Mycobacterium tuberculosis (strain ATCC 25618 / H37Rv) OX=83332 GN=rne PE=1 SV=2,0.48304916353017174
sp|P90740|FAN1_CAEEL Fanconi-associated nuclease 1 homolog OS=Caenorhabditis elegans OX=6239 GN=fan-1 PE=1 SV=1,0.10259652257271899
sp|P97789|XRN1_MOUSE 5'-3' exoribonuclease 1 OS=Mus musculus OX=10090 GN=Xrn1 PE=1 SV=1,0.5159186807351027
"sp|Q02773|RPM2_YEAST Ribonuclease P protein component, mitochondrial OS=Saccharomyces cerevisiae (strain ATCC 204508 / S288c) OX=559292 GN=RPM2 PE=1 SV=1",0.396065982978318
sp|Q02792|XRN2_YEAST 5'-3' exoribonuclease 2 OS=Saccharomyces cerevisiae (strain ATCC 204508 / S288c) OX=559292 GN=RAT1 PE=1 SV=3,0.16007195974781596
sp|Q08162|RRP44_YEAST Exosome complex exonuclease DIS3 OS=Saccharomyces cerevisiae (strain ATCC 204508 / S288c) OX=559292 GN=DIS3 PE=1 SV=1,0.644369229887684
sp|Q17RS7|GEN_HUMAN Flap endonuclease GEN homolog 1 OS=Homo sapiens OX=9606 GN=GEN1 PE=1 SV=2,0.3342827720174721
sp|Q1LWH4|FAN1_DANRE Fanconi-associated nuclease 1 OS=Danio rerio OX=7955 GN=fan1 PE=2 SV=2,0.37331314880364236
sp|Q24087|XPF_DROME DNA repair endonuclease XPF OS=Drosophila melanogaster OX=7227 GN=mei-9 PE=1 SV=2,0.08516463593363625
sp|Q3EBC8|DCL2_ARATH Endoribonuclease Dicer homolog 2 OS=Arabidopsis thaliana OX=3702 GN=At3g03300 PE=1 SV=2,0.488322785056642
sp|Q5HZJ0|RNC_MOUSE Ribonuclease 3 OS=Mus musculus OX=10090 GN=Drosha PE=1 SV=1,0.1700767242661974
sp|Q66X93|SND1_RAT Staphylococcal nuclease domain-containing protein 1 OS=Rattus norvegicus OX=10116 GN=Snd1 PE=1 SV=1,0.02965211709898154
sp|Q69ZT1|FAN1_MOUSE Fanconi-associated nuclease 1 OS=Mus musculus OX=10090 GN=Fan1 PE=2 SV=2,0.704762805830422
sp|Q6GNV6|CTIP_XENLA DNA endonuclease RBBP8 OS=Xenopus laevis OX=8355 GN=rbbp8 PE=1 SV=1,0.5846108312019329
"sp|Q6NQJ6|RNR1_ARATH Ribonuclease II, chloroplastic/mitochondrial OS=Arabidopsis thaliana OX=3702 GN=RNR1 PE=2 SV=1",0.17170060616374924
sp|Q78PY7|SND1_MOUSE Staphylococcal nuclease domain-containing protein 1 OS=Mus musculus OX=10090 GN=Snd1 PE=1 SV=1,0.1686812802387491
sp|Q7KZF4|SND1_HUMAN Staphylococcal nuclease domain-containing protein 1 OS=Homo sapiens OX=9606 GN=SND1 PE=1 SV=1,0.11459063548770482
sp|Q80YR6|CTIP_MOUSE DNA endonuclease RBBP8 OS=Mus musculus OX=10090 GN=Rbbp8 PE=1 SV=1,0.18641020877972478
sp|Q84W56|RNJ_ARATH Ribonuclease J OS=Arabidopsis thaliana OX=3702 GN=RNJ PE=1 SV=1,0.8125395350318659
sp|Q8CI75|DI3L2_MOUSE DIS3-like exonuclease 2 OS=Mus musculus OX=10090 GN=Dis3l2 PE=1 SV=1,0.24296244317837057
sp|Q8IYB7|DI3L2_HUMAN DIS3-like exonuclease 2 OS=Homo sapiens OX=9606 GN=DIS3L2 PE=1 SV=4,0.19699260658228504
sp|Q8IZH2|XRN1_HUMAN 5'-3' exoribonuclease 1 OS=Homo sapiens OX=9606 GN=XRN1 PE=1 SV=1,0.8277921233617918
sp|Q8N1G1|REXO1_HUMAN RNA exonuclease 1 homolog OS=Homo sapiens OX=9606 GN=REXO1 PE=1 SV=3,0.8837174310460089
sp|Q8TF46|DI3L1_HUMAN DIS3-like exonuclease 1 OS=Homo sapiens OX=9606 GN=DIS3L PE=1 SV=2,0.030128539108628897
sp|Q8VZG7|TSN1_ARATH Ribonuclease TUDOR 1 OS=Arabidopsis thaliana OX=3702 GN=TSN1 PE=1 SV=1,0.17426110272312742
sp|Q92889|XPF_HUMAN DNA repair endonuclease XPF OS=Homo sapiens OX=9606 GN=ERCC4 PE=1 SV=3,0.10592135743248926
sp|Q99708|CTIP_HUMAN DNA endonuclease RBBP8 OS=Homo sapiens OX=9606 GN=RBBP8 PE=1 SV=2,0.6244587223539179
sp|Q9CSH3|RRP44_MOUSE Exosome complex exonuclease RRP44 OS=Mus musculus OX=10090 GN=Dis3 PE=1 SV=4,0.8180292365282575
sp|Q9DBR1|XRN2_MOUSE 5'-3' exoribonuclease 2 OS=Mus musculus OX=10090 GN=Xrn2 PE=1 SV=1,0.5
sp|Q9FLT0|TSN2_ARATH Ribonuclease TUDOR 2 OS=Arabidopsis thaliana OX=3702 GN=TSN2 PE=1 SV=1,0.45377890319820824
sp|Q9FQ02|XRN2_ARATH 5'-3' exoribonuclease 2 OS=Arabidopsis thaliana OX=3702 GN=XRN2 PE=1 SV=1,0.7314884173917301
sp|Q9FQ03|XRN3_ARATH 5'-3' exoribonuclease 3 OS=Arabidopsis thaliana OX=3702 GN=XRN3 PE=1 SV=1,0.11142282346672742
sp|Q9FQ04|XRN4_ARATH 5'-3' exoribonuclease 4 OS=Arabidopsis thaliana OX=3702 GN=XRN4 PE=1 SV=1,0.6783756089568386
sp|Q9H0D6|XRN2_HUMAN 5'-3' exoribonuclease 2 OS=Homo sapiens OX=9606 GN=XRN2 PE=1 SV=1,0.7315973169964833
sp|Q9LKI5|XPF_ARATH DNA repair endonuclease UVH1 OS=Arabidopsis thaliana OX=3702 GN=UVH1 PE=1 SV=2,0.3860127200510884
sp|Q9LXW7|DCL3_ARATH Endoribonuclease Dicer homolog 3 OS=Arabidopsis thaliana OX=3702 GN=DCL3 PE=1 SV=2,0.5685210019506427
sp|Q9NRR4|RNC_HUMAN Ribonuclease 3 OS=Homo sapiens OX=9606 GN=DROSHA PE=1 SV=2,0.39436737519878057
sp|Q9QYM7|XPF_CRIGR DNA repair endonuclease XPF OS=Cricetulus griseus OX=10029 GN=ERCC4 PE=2 SV=3,0.045843963685044876
sp|Q9QZ11|EXO1_MOUSE Exonuclease 1 OS=Mus musculus OX=10090 GN=Exo1 PE=2 SV=2,0.06549634571324585
sp|Q9QZD4|XPF_MOUSE DNA repair endonuclease XPF OS=Mus musculus OX=10090 GN=Ercc4 PE=1 SV=3,0.1846252249202305
sp|Q9SHL7|RP44A_ARATH Exosome complex exonuclease RRP44 homolog A OS=Arabidopsis thaliana OX=3702 GN=RRP44A PE=2 SV=2,0.38437593738100856
sp|Q9U299|XRN2_CAEEL 5'-3' exoribonuclease 2 homolog OS=Caenorhabditis elegans OX=6239 GN=xrn-2 PE=1 SV=2,0.4451730890864632
sp|Q9UQ84|EXO1_HUMAN Exonuclease 1 OS=Homo sapiens OX=9606 GN=EXO1 PE=1 SV=2,0.08827484748956486
sp|Q9VM71|XRN2_DROME 5'-3' exoribonuclease 2 homolog OS=Drosophila melanogaster OX=7227 GN=Rat1 PE=1 SV=2,0.6841299320782951
sp|Q9W0S7|SND1_DROME Staphylococcal nuclease domain-containing protein 1 OS=Drosophila melanogaster OX=7227 GN=Tudor-SN PE=1 SV=1,0.032808100023248854
sp|Q9Y2L1|RRP44_HUMAN Exosome complex exonuclease RRP44 OS=Homo sapiens OX=9606 GN=DIS3 PE=1 SV=2,0.7731884146269853
sp|Q9Y2M0|FAN1_HUMAN Fanconi-associated nuclease 1 OS=Homo sapiens OX=9606 GN=FAN1 PE=1 SV=4,0.5219298541475934
sp|H9T8G4|CDIA8_BURPE tRNA nuclease CdiA (Fragment) OS=Burkholderia pseudomallei OX=28450 GN=cdiA PE=1 SV=1,0.02943209380497415
sp|P0DM58|DI3L2_ARATH DIS3-like exonuclease 2 OS=Arabidopsis thaliana OX=3702 GN=SOV PE=1 SV=1,0.07680952193953784
sp|P15032|RECE_ECOLI Exodeoxyribonuclease 8 OS=Escherichia coli (strain K12) OX=83333 GN=recE PE=1 SV=3,0.26063067547875807
sp|P30851|RNR_SHIFL Ribonuclease R OS=Shigella flexneri OX=623 GN=rnr PE=3 SV=4,0.2835079672536348
sp|P36159|RNZ_YEAST Ribonuclease Z OS=Saccharomyces cerevisiae (strain ATCC 204508 / S288c) OX=559292 GN=TRZ1 PE=1 SV=1,0.16177102183787775
sp|P44443|RNE_HAEIN Ribonuclease E OS=Haemophilus influenzae (strain ATCC 51907 / DSM 11121 / KW20 / Rd) OX=71421 GN=rne PE=3 SV=1,0.10536852440695901
sp|Q09568|DI3L2_CAEEL DIS3-like exonuclease 2 OS=Caenorhabditis elegans OX=6239 GN=disl-2 PE=1 SV=2,0.19357717318971635
sp|Q10124|PQE1_CAEEL Putative RNA exonuclease pqe-1 OS=Caenorhabditis elegans OX=6239 GN=pqe-1 PE=2 SV=2,0.40999307360601617
sp|Q10155|RNZ1_SCHPO Ribonuclease Z 1 OS=Schizosaccharomyces pombe (strain 972 / ATCC 24843) OX=284812 GN=trz1 PE=3 SV=1,0.631806906046999
sp|Q17632|RRP44_CAEEL Probable exosome complex exonuclease RRP44 OS=Caenorhabditis elegans OX=6239 GN=dis-3 PE=1 SV=2,0.21373264762426214
sp|Q53W19|CAS10_THET8 CRISPR system single-strand-specific deoxyribonuclease Cas10/Csm1 (subtype III-A) OS=Thermus thermophilus (strain ATCC 27634 / DSM 579 / HB8) OX=300852 GN=cas10 PE=3 SV=1,0.08062509102882631
sp|Q5AMG5|XRN2_CANAL 5'-3' exoribonuclease 2 OS=Candida albicans (strain SC5314 / ATCC MYA-2876) OX=237561 GN=RAT1 PE=3 SV=4,0.15801127537864704
sp|Q5HYM0|ZC12B_HUMAN Probable ribonuclease ZC3H12B OS=Homo sapiens OX=9606 GN=ZC3H12B PE=1 SV=3,0.12487162962041728
sp|Q5N870|DCL3A_ORYSJ Endoribonuclease Dicer homolog 3a OS=Oryza sativa subsp. japonica OX=39947 GN=DCL3A PE=2 SV=1,0.5166767328137245
sp|Q5SNL7|FAN1_ORYSJ Fanconi-associated nuclease 1 homolog OS=Oryza sativa subsp. japonica OX=39947 GN=Os06g0171800 PE=3 SV=1,0.48805639530960837
sp|Q5U2P0|DI3L1_RAT DIS3-like exonuclease 1 OS=Rattus norvegicus OX=10116 GN=Dis3l PE=2 SV=2,0.02255921218078647
sp|Q5XVJ4|FAN1_ARATH Fanconi-associated nuclease 1 homolog OS=Arabidopsis thaliana OX=3702 GN=FAN1 PE=2 SV=2,0.11312771199979979
sp|Q61XX9|RNC_CAEBR Ribonuclease 3 OS=Caenorhabditis briggsae OX=6238 GN=drsh-1 PE=3 SV=1,0.574468314768027
sp|Q6C961|XRN2_YARLI 5'-3' exoribonuclease 2 OS=Yarrowia lipolytica (strain CLIB 122 / E 150) OX=284591 GN=RAT1 PE=3 SV=3,0.619772368583471
sp|Q6FKN6|XRN2_CANGA 5'-3' exoribonuclease 2 OS=Candida glabrata (strain ATCC 2001 / BCRC 20586 / JCM 3761 / NBRC 0622 / NRRL Y-65 / CBS 138) OX=284593 GN=RAT1 PE=3 SV=3,0.03718988422182122
sp|Q6FRT2|CCR4_CANGA CCR4-Not complex 3'-5'-exoribonuclease subunit Ccr4 OS=Candida glabrata (strain ATCC 2001 / BCRC 20586 / JCM 3761 / NBRC 0622 / NRRL Y-65 / CBS 138) OX=284593 GN=CCR4 PE=3 SV=1,0.01979964873400346
sp|Q6GGV4|DING_STAAR 3'-5' exonuclease DinG OS=Staphylococcus aureus (strain MRSA252) OX=282458 GN=dinG PE=1 SV=1,0.3111800841707804
sp|Q74ZA0|XRN2_EREGS 5'-3' exoribonuclease 2 OS=Eremothecium gossypii (strain ATCC 10895 / CBS 109.51 / FGSC 9923 / NRRL Y-1056) OX=284811 GN=RAT1 PE=3 SV=4,0.6500777485316998
sp|Q7TT28|REXO1_MOUSE RNA exonuclease 1 homolog OS=Mus musculus OX=10090 GN=Rexo1 PE=1 SV=1,0.6833533372495983
sp|Q7XD96|DCL3B_ORYSJ Endoribonuclease Dicer homolog 3b OS=Oryza sativa subsp. japonica OX=39947 GN=DCL3B PE=3 SV=2,0.2615397444682237
sp|Q863B3|SND1_BOVIN Staphylococcal nuclease domain-containing protein 1 OS=Bos taurus OX=9913 GN=SND1 PE=1 SV=1,0.12194254079509727
sp|Q8BMI4|GEN_MOUSE Flap endonuclease GEN homolog 1 OS=Mus musculus OX=10090 GN=Gen1 PE=1 SV=2,0.21040222891539043
sp|Q8C0S1|DI3L1_MOUSE DIS3-like exonuclease 1 OS=Mus musculus OX=10090 GN=Dis3l PE=1 SV=2,0.08727015075995134
sp|Q8N9H8|MUT7_HUMAN Exonuclease mut-7 homolog OS=Homo sapiens OX=9606 GN=EXD3 PE=1 SV=3,0.008130132129297137
sp|Q8WZX5|XRN2_NEUCR 5'-3' exoribonuclease 2 OS=Neurospora crassa (strain ATCC 24698 / 74-OR23-1A / CBS 708.71 / DSM 1257 / FGSC 987) OX=367110 GN=exr-1 PE=3 SV=3,0.7092266778452762
sp|Q9C0D7|ZC12C_HUMAN Probable ribonuclease ZC3H12C OS=Homo sapiens OX=9606 GN=ZC3H12C PE=1 SV=2,0.04555702792552697
sp|A0A0H3B0B8|CDIA_YERPY Deoxyribonuclease CdiA OS=Yersinia pseudotuberculosis serotype O:3 (strain YPIII) OX=502800 GN=cdiA PE=1 SV=1,0.7972234577556487
sp|A0JN80|DI3L1_BOVIN DIS3-like exonuclease 1 OS=Bos taurus OX=9913 GN=DIS3L PE=2 SV=2,0.04126727178266952
sp|A2RV18|DI3L1_DANRE DIS3-like exonuclease 1 OS=Danio rerio OX=7955 GN=dis3l PE=2 SV=1,0.045784606439789294
sp|A6QGP8|SBCC_STAAE Nuclease SbcCD subunit C OS=Staphylococcus aureus (strain Newman) OX=426430 GN=sbcC PE=1 SV=1,0.2902676272480043
sp|A7HAB8|MUTS2_ANADF Endonuclease MutS2 OS=Anaeromyxobacter sp. (strain Fw109-5) OX=404589 GN=mutS2 PE=3 SV=1,0.7992062793181006
sp|A8WZU5|FAN1_CAEBR Fanconi-associated nuclease 1 homolog OS=Caenorhabditis briggsae OX=6238 GN=fan-1 PE=3 SV=2,0.11439309824861964
sp|B1MXB4|MUTS2_LEUCK Endonuclease MutS2 OS=Leuconostoc citreum (strain KM20) OX=349519 GN=mutS2 PE=3 SV=1,0.1851276518284132
sp|C1A4A9|MUTS2_GEMAT Endonuclease MutS2 OS=Gemmatimonas aurantiaca (strain DSM 14586 / JCM 11422 / NBRC 100505 / T-27) OX=379066 GN=mutS2 PE=3 SV=1,0.024081610340426222
sp|E0SAK8|RHSA_DICD3 Probable deoxyribonuclease RhsA OS=Dickeya dadantii (strain 3937) OX=198628 GN=rhsA PE=1 SV=1,0.595929856585301
sp|E0SGL7|RHSC_DICD3 Putative deoxyribonuclease RhsC OS=Dickeya dadantii (strain 3937) OX=198628 GN=rhsC PE=1 SV=1,0.8851546764449719
sp|E0SIS2|RHSB_DICD3 Probable deoxyribonuclease RhsB OS=Dickeya dadantii (strain 3937) OX=198628 GN=rhsB PE=1 SV=1,0.6778565079301936
sp|F6SNN2|CTIP_XENTR DNA endonuclease RBBP8 OS=Xenopus tropicalis OX=8364 GN=rbbp8 PE=3 SV=1,0.1987378943980668
sp|O06714|SBCC_BACSU Nuclease SbcCD subunit C OS=Bacillus subtilis (strain 168) OX=224308 GN=sbcC PE=3 SV=3,0.3970845792789901
sp|O68032|SBCC_RHOCB Nuclease SbcCD subunit C OS=Rhodobacter capsulatus (strain ATCC BAA-309 / NBRC 16581 / SB1003) OX=272942 GN=sbcC PE=3 SV=1,0.6280936450047608
sp|P0CL88|XRN2_CRYNJ 5'-3' exoribonuclease 2 OS=Cryptococcus neoformans var. neoformans serotype D (strain JEC21 / ATCC MYA-565) OX=214684 GN=RAT1 PE=3 SV=1,0.7028566493134443
sp|P0CL89|XRN2_CRYNB 5'-3' exoribonuclease 2 OS=Cryptococcus neoformans var. neoformans serotype D (strain B-3501A) OX=283643 GN=RAT1 PE=3 SV=1,0.5691808070678427
sp|P40611|RNR_VIBPA Ribonuclease R OS=Vibrio parahaemolyticus serotype O3:K6 (strain RIMD 2210633) OX=223926 GN=rnr PE=3 SV=2,0.41163073544751094
sp|P54394|DING_BACSU 3'-5' exonuclease DinG OS=Bacillus subtilis (strain 168) OX=224308 GN=dinG PE=3 SV=1,0.12326682004191224
sp|P57429|RNE_BUCAI Ribonuclease E OS=Buchnera aphidicola subsp. Acyrthosiphon pisum (strain APS) OX=107806 GN=rne PE=3 SV=1,0.13193344103643112
sp|P73625|MUTS2_SYNY3 Endonuclease MutS2 OS=Synechocystis sp. (strain PCC 6803 / Kazusa) OX=1111708 GN=mutS2 PE=3 SV=1,0.016419336384528797
sp|Q07736|T1RA_ECOLX Type I restriction enzyme EcoAI endonuclease subunit OS=Escherichia coli OX=562 GN=hsdR PE=1 SV=1,0.1459184790434605
sp|Q0V9R3|DI3L2_XENTR DIS3-like exonuclease 2 OS=Xenopus tropicalis OX=8364 GN=dis3l2 PE=2 SV=2,0.022778962638920614
sp|Q10HL3|DCL2A_ORYSJ Endoribonuclease Dicer homolog 2a OS=Oryza sativa subsp. japonica OX=39947 GN=DCL2A PE=2 SV=1,0.1638320825636123
"sp|Q1MTN7|RPM1_SCHPO Exoribonuclease II, mitochondrial OS=Schizosaccharomyces pombe (strain 972 / ATCC 24843) OX=284812 GN=rpm1 PE=2 SV=2",0.07505182996802419
sp|Q2FGY5|DING_STAA3 3'-5' exonuclease DinG OS=Staphylococcus aureus (strain USA300) OX=367830 GN=dinG PE=3 SV=1,0.30834339374237946
sp|Q2FYT3|SBCC_STAA8 Nuclease SbcCD subunit C OS=Staphylococcus aureus (strain NCTC 8325 / PS 47) OX=93061 GN=sbcC PE=1 SV=2,0.31789308569005414
sp|Q2GNZ6|XRN2_CHAGB 5'-3' exoribonuclease 2 OS=Chaetomium globosum (strain ATCC 6205 / CBS 148.51 / DSM 1962 / NBRC 6347 / NRRL 1970) OX=306901 GN=RAT1 PE=3 SV=3,0.18219687362426873
sp|Q2UCP5|XRN2_ASPOR 5'-3' exoribonuclease 2 OS=Aspergillus oryzae (strain ATCC 42149 / RIB 40) OX=510516 GN=rat1 PE=3 SV=3,0.4344657456670146
sp|Q2YXX0|SBCC_STAAB Nuclease SbcCD subunit C OS=Staphylococcus aureus (strain bovine RF122 / ET3-1) OX=273036 GN=sbcC PE=3 SV=2,0.3558964574510785
sp|Q2YY51|DING_STAAB 3'-5' exonuclease DinG OS=Staphylococcus aureus (strain bovine RF122 / ET3-1) OX=273036 GN=dinG PE=3 SV=1,0.33050366052834224
sp|Q47281|T1RE_ECOLX Type I restriction enzyme EcoEI endonuclease subunit OS=Escherichia coli OX=562 GN=hsdR PE=3 SV=1,0.1859584788805147
sp|Q49XR1|DING_STAS1 3'-5' exonuclease DinG OS=Staphylococcus saprophyticus subsp. saprophyticus (strain ATCC 15305 / DSM 20229 / NCIMB 8711 / NCTC 7292 / S-41) OX=342451 GN=dinG PE=3 SV=1,0.3764691973805436
sp|Q4A127|HSDR_STAS1 Type I restriction enzyme SsaAORF53P endonuclease subunit OS=Staphylococcus saprophyticus subsp. saprophyticus (strain ATCC 15305 / DSM 20229 / NCIMB 8711 / NCTC 7292 / S-41) OX=342451 GN=hsdR PE=3 SV=1,0.17985383882428174
sp|Q4HWE2|XRN2_GIBZE 5'-3' exoribonuclease 2 OS=Gibberella zeae (strain ATCC MYA-4620 / CBS 123657 / FGSC 9075 / NRRL 31084 / PH-1) OX=229533 GN=RAT1 PE=3 SV=3,0.7813953555009084
sp|Q4IPN9|YSH1_GIBZE Endoribonuclease YSH1 OS=Gibberella zeae (strain ATCC MYA-4620 / CBS 123657 / FGSC 9075 / NRRL 31084 / PH-1) OX=229533 GN=YSH1 PE=3 SV=2,0.05359776000885127
sp|Q4L6F9|DING_STAHJ 3'-5' exonuclease DinG OS=Staphylococcus haemolyticus (strain JCSC1435) OX=279808 GN=dinG PE=3 SV=1,0.27821705037956207
sp|Q4P149|XRN2_USTMA 5'-3' exoribonuclease 2 OS=Ustilago maydis (strain 521 / FGSC 9021) OX=237631 GN=RAT1 PE=3 SV=3,0.6407074864822941
sp|Q4PEJ3|YSH1_USTMA Endoribonuclease YSH1 OS=Ustilago maydis (strain 521 / FGSC 9021) OX=237631 GN=YSH1 PE=3 SV=1,0.054007069195681455
sp|Q4WRC2|YSH1_ASPFU Endoribonuclease ysh1 OS=Aspergillus fumigatus (strain ATCC MYA-4609 / CBS 101355 / FGSC A1100 / Af293) OX=330879 GN=ysh1 PE=3 SV=1,0.01537404930928382
sp|Q54ED2|EXO1_DICDI Exonuclease 1 OS=Dictyostelium discoideum OX=44689 GN=exo1 PE=3 SV=1,0.6374794882788721
sp|Q54PN5|XPF_DICDI DNA repair endonuclease XPF OS=Dictyostelium discoideum OX=44689 GN=ercc4 PE=3 SV=1,0.3800692929968867
sp|Q551H0|MUS81_DICDI Probable crossover junction endonuclease mus81 OS=Dictyostelium discoideum OX=44689 GN=mus81 PE=3 SV=1,0.08079030759221378
sp|Q55FW8|FAN1_DICDI Fanconi-associated nuclease 1 homolog OS=Dictyostelium discoideum OX=44689 GN=mtmr15 PE=3 SV=1,0.39958382977810225
sp|Q59P50|YSH1_CANAL Endoribonuclease YSH1 OS=Candida albicans (strain SC5314 / ATCC MYA-2876) OX=237561 GN=YSH1 PE=3 SV=1,0.6230205451929922
sp|Q5BEP0|YSH1_EMENI Endoribonuclease ysh1 OS=Emericella nidulans (strain FGSC A4 / ATCC 38163 / CBS 112.46 / NRRL 194 / M139) OX=227321 GN=ysh1 PE=3 SV=1,0.12062606282386303
sp|Q5BFH3|XRN2_EMENI 5'-3' exoribonuclease 2 OS=Emericella nidulans (strain FGSC A4 / ATCC 38163 / CBS 112.46 / NRRL 194 / M139) OX=227321 GN=rat1 PE=3 SV=3,0.7680492349499176
sp|Q5DTV4|ZC12C_MOUSE Probable ribonuclease ZC3H12C OS=Mus musculus OX=10090 GN=Zc3h12c PE=1 SV=2,0.11744532416835042
sp|Q5HJH8|HSDR_STAAC Type I restriction enzyme SauCOLORF180P endonuclease subunit OS=Staphylococcus aureus (strain COL) OX=93062 GN=hsdR PE=3 SV=1,0.30564241379722157
sp|Q5HK76|HSDR_STAEQ Type I restriction enzyme SepRPIP endonuclease subunit OS=Staphylococcus epidermidis (strain ATCC 35984 / RP62A) OX=176279 GN=hsdR PE=3 SV=1,0.6644877792401156
sp|Q5HP88|DING_STAEQ 3'-5' exonuclease DinG OS=Staphylococcus epidermidis (strain ATCC 35984 / RP62A) OX=176279 GN=dinG PE=3 SV=1,0.48195637684542997
sp|Q5R4L5|XRN2_PONAB 5'-3' exoribonuclease 2 OS=Pongo abelii OX=9601 GN=XRN2 PE=2 SV=1,0.6713832543522417
sp|Q5R5N8|DI3L1_PONAB DIS3-like exonuclease 1 OS=Pongo abelii OX=9601 GN=DIS3L PE=2 SV=1,0.039575525154858196
sp|Q5REU4|SND1_PONAB Staphylococcal nuclease domain-containing protein 1 OS=Pongo abelii OX=9601 GN=SND1 PE=2 SV=1,0.11205720897157681
sp|Q5ZIP4|XRN2_CHICK 5'-3' exoribonuclease 2 OS=Gallus gallus OX=9031 GN=XRN2 PE=2 SV=1,0.7336965058391113
sp|Q60295|T1RH_METJA Putative type I restriction enzyme MjaIXP endonuclease subunit OS=Methanocaldococcus jannaschii (strain ATCC 43067 / DSM 2661 / JAL-1 / JCM 10045 / NBRC 100440) OX=243232 GN=MJECL40 PE=3 SV=1,0.5055133036887811
sp|Q60GC1|EXO1_ORYSJ Exonuclease 1 OS=Oryza sativa subsp. japonica OX=39947 GN=EXO1 PE=2 SV=1,0.06097827532149188
sp|Q60SG7|XRN2_CAEBR 5'-3' exoribonuclease 2 homolog OS=Caenorhabditis briggsae OX=6238 GN=xrn-2 PE=3 SV=2,0.20687997295745125
sp|Q69LX2|DCL2B_ORYSJ Endoribonuclease Dicer homolog 2b OS=Oryza sativa subsp. japonica OX=39947 GN=DCL2B PE=2 SV=2,0.016644630927531254
sp|Q6BMM5|CCR4_DEBHA CCR4-Not complex 3'-5'-exoribonuclease subunit Ccr4 OS=Debaryomyces hansenii (strain ATCC 36239 / CBS 767 / BCRC 21394 / JCM 1990 / NBRC 0083 / IGC 2968) OX=284592 GN=CCR4 PE=3 SV=2,0.11624292704951991
sp|Q6BMW3|YSH1_DEBHA Endoribonuclease YSH1 OS=Debaryomyces hansenii (strain ATCC 36239 / CBS 767 / BCRC 21394 / JCM 1990 / NBRC 0083 / IGC 2968) OX=284592 GN=YSH1 PE=3 SV=2,0.034791984872602204
sp|Q6BNU7|XRN2_DEBHA 5'-3' exoribonuclease 2 OS=Debaryomyces hansenii (strain ATCC 36239 / CBS 767 / BCRC 21394 / JCM 1990 / NBRC 0083 / IGC 2968) OX=284592 GN=RAT1 PE=3 SV=4,0.2977560382980938
sp|Q6C2Z7|YSH1_YARLI Endoribonuclease YSH1 OS=Yarrowia lipolytica (strain CLIB 122 / E 150) OX=284591 GN=YSH1 PE=3 SV=2,0.06567571039209448
sp|Q6CKX0|XRN2_KLULA 5'-3' exoribonuclease 2 OS=Kluyveromyces lactis (strain ATCC 8585 / CBS 2359 / DSM 70799 / NBRC 1267 / NRRL Y-1140 / WM37) OX=284590 GN=RAT1 PE=3 SV=3,0.597573100114077
sp|Q6G9A7|DING_STAAS 3'-5' exonuclease DinG OS=Staphylococcus aureus (strain MSSA476) OX=282459 GN=dinG PE=3 SV=1,0.30316949058196113
sp|Q6GCT1|HSDR_STAAS Type I restriction enzyme SauMSSORF170P endonuclease subunit OS=Staphylococcus aureus (strain MSSA476) OX=282459 GN=hsdR PE=3 SV=1,0.2972051698848374
sp|Q6GKB1|HSDR_STAAR Type I restriction enzyme SauMRSORF196P endonuclease subunit OS=Staphylococcus aureus (strain MRSA252) OX=282458 GN=hsdR PE=3 SV=1,0.29853084807799557
sp|Q6GN11|DI3L1_XENLA DIS3-like exonuclease 1 OS=Xenopus laevis OX=8355 GN=dis3l PE=2 SV=2,0.13963751496267976
sp|Q73MQ8|MUTS2_TREDE Endonuclease MutS2 OS=Treponema denticola (strain ATCC 35405 / DSM 14222 / CIP 103919 / JCM 8153 / KCTC 15104) OX=243275 GN=mutS2 PE=3 SV=1,0.3830304043535651
sp|Q7A801|HSDR_STAAN Type I restriction enzyme SauN315I endonuclease subunit OS=Staphylococcus aureus (strain N315) OX=158879 GN=hsdR PE=1 SV=1,0.3337212332575585
sp|Q7ZT42|SND1_DANRE Staphylococcal nuclease domain-containing protein 1 OS=Danio rerio OX=7955 GN=snd1 PE=2 SV=1,0.07942153901400405
sp|Q803U7|EXO1_DANRE Exonuclease 1 OS=Danio rerio OX=7955 GN=exo1 PE=2 SV=1,0.032946019195872034
sp|Q8K9J9|RNE_BUCAP Ribonuclease E OS=Buchnera aphidicola subsp. Schizaphis graminum (strain Sg) OX=198804 GN=rne PE=3 SV=1,0.38611689890631185
sp|Q8TFZ1|XRN2_ASPFU 5'-3' exoribonuclease 2 OS=Aspergillus fumigatus (strain ATCC MYA-4609 / CBS 101355 / FGSC A1100 / Af293) OX=330879 GN=rat1 PE=3 SV=4,0.28591944245975187
sp|Q8WZS6|YSH1_NEUCR Endoribonuclease ysh-1 OS=Neurospora crassa (strain ATCC 24698 / 74-OR23-1A / CBS 708.71 / DSM 1257 / FGSC 987) OX=367110 GN=ysh-1 PE=3 SV=1,0.04581341421046131
sp|Q9CH00|RNR1_LACLA Ribonuclease R 1 OS=Lactococcus lactis subsp. lactis (strain IL1403) OX=272623 GN=rnr1 PE=3 SV=1,0.039329972537169466
sp|Q9HWB8|SBCC_PSEAE Nuclease SbcCD subunit C OS=Pseudomonas aeruginosa (strain ATCC 15692 / DSM 22644 / CIP 104116 / JCM 14847 / LMG 12228 / 1C / PRS 101 / PAO1) OX=208964 GN=sbcC PE=3 SV=1,0.1287033067199251
sp|Q9Y7U7|SND1_SCHPO Staphylococcal nuclease domain-containing protein 1 OS=Schizosaccharomyces pombe (strain 972 / ATCC 24843) OX=284812 GN=snd1 PE=1 SV=1,0.37856710842501495
sp|A5ISM9|SBCC_STAA9 Nuclease SbcCD subunit C OS=Staphylococcus aureus (strain JH9) OX=359786 GN=sbcC PE=3 SV=1,0.30108349632008413
sp|O05052|T1RH_HAEIN Type I restriction enzyme HindI endonuclease subunit OS=Haemophilus influenzae (strain ATCC 51907 / DSM 11121 / KW20 / Rd) OX=71421 GN=hsdR PE=3 SV=1,0.2636146840172703
sp|O83635|SBCC_TREPA Nuclease SbcCD subunit C OS=Treponema pallidum (strain Nichols) OX=243276 GN=sbcC PE=3 SV=1,0.37533062831187136
sp|O94525|YBU1_SCHPO Uncharacterized ribonuclease C609.01 OS=Schizosaccharomyces pombe (strain 972 / ATCC 24843) OX=284812 GN=SPBC609.01 PE=3 SV=1,0.9588857369510093
sp|P21312|ENDOR_ECOLX Probable replication endonuclease from retron Ec67 OS=Escherichia coli OX=562 PE=3 SV=2,0.09246250948247572
sp|Q0P4R5|DI3L1_XENTR DIS3-like exonuclease 1 OS=Xenopus tropicalis OX=8364 GN=dis3l PE=2 SV=2,0.02676692554671593
sp|Q2FH88|SBCC_STAA3 Nuclease SbcCD subunit C OS=Staphylococcus aureus (strain USA300) OX=367830 GN=sbcC PE=3 SV=1,0.29206295817421996
sp|Q323T3|ENDPH_SHIBS Probable replication endonuclease from prophage-like region OS=Shigella boydii serotype 4 (strain Sb227) OX=300268 GN=SBO_0752 PE=3 SV=1,0.007790510062572873
sp|Q49XE1|SBCC_STAS1 Nuclease SbcCD subunit C OS=Staphylococcus saprophyticus subsp. saprophyticus (strain ATCC 15305 / DSM 20229 / NCIMB 8711 / NCTC 7292 / S-41) OX=342451 GN=sbcC PE=3 SV=1,0.1883841158034415
sp|Q4L655|SBCC_STAHJ Nuclease SbcCD subunit C OS=Staphylococcus haemolyticus (strain JCSC1435) OX=279808 GN=sbcC PE=3 SV=1,0.7547121556931662
sp|Q57588|T1R1_METJA Putative type I restriction enzyme MjaVIIP endonuclease subunit OS=Methanocaldococcus jannaschii (strain ATCC 43067 / DSM 2661 / JAL-1 / JCM 10045 / NBRC 100440) OX=243232 GN=MJ0124 PE=3 SV=2,0.6855901142811005
sp|Q58611|T1R2_METJA Putative type I restriction enzyme MjaVIIIP endonuclease subunit OS=Methanocaldococcus jannaschii (strain ATCC 43067 / DSM 2661 / JAL-1 / JCM 10045 / NBRC 100440) OX=243232 GN=MJ1214 PE=3 SV=2,0.07485235447021658
sp|Q5HPJ3|SBCC_STAEQ Nuclease SbcCD subunit C OS=Staphylococcus epidermidis (strain ATCC 35984 / RP62A) OX=176279 GN=sbcC PE=3 SV=1,0.6011959901753443
sp|Q6G9L2|SBCC_STAAS Nuclease SbcCD subunit C OS=Staphylococcus aureus (strain MSSA476) OX=282459 GN=sbcC PE=3 SV=1,0.300251676108436
sp|Q6GH60|SBCC_STAAR Nuclease SbcCD subunit C OS=Staphylococcus aureus (strain MRSA252) OX=282458 GN=sbcC PE=3 SV=1,0.3839224021327765
sp|Q8CPC5|SBCC_STAES Nuclease SbcCD subunit C OS=Staphylococcus epidermidis (strain ATCC 12228 / FDA PCI 1200) OX=176280 GN=sbcC PE=3 SV=1,0.5692853246867194
sp|Q8FJJ0|ENDPH_ECOL6 Probable replication endonuclease from prophage-like region OS=Escherichia coli O6:H1 (strain CFT073 / ATCC 700928 / UPEC) OX=199310 GN=c0942 PE=3 SV=1,0.006706622616097703
sp|Q8NWV1|SBCC_STAAW Nuclease SbcCD subunit C OS=Staphylococcus aureus (strain MW2) OX=196620 GN=sbcC PE=3 SV=1,0.2984401525338651
sp|Q8Z1E1|ENDP2_SALTI Probable replication endonuclease from prophage-like region 2 OS=Salmonella typhi OX=90370 GN=STY4635 PE=3 SV=1,0.5349669214708302
sp|Q8Z365|ENDP1_SALTI Probable replication endonuclease from prophage-like region 1 OS=Salmonella typhi OX=90370 GN=STY3668 PE=3 SV=1,0.003668093884731162
sp|Q8ZMS4|ENDPH_SALTY Probable replication endonuclease from prophage-like region OS=Salmonella typhimurium (strain LT2 / SGSC1412 / ATCC 700720) OX=99287 GN=STM2729 PE=3 SV=1,0.1999100317343327
sp|Q97FK1|SBCC_CLOAB Nuclease SbcCD subunit C OS=Clostridium acetobutylicum (strain ATCC 824 / DSM 792 / JCM 1419 / IAM 19013 / LMG 5710 / NBRC 13948 / NRRL B-527 / VKM B-1787 / 2291 / W) OX=272562 GN=sbcC PE=3 SV=1,0.7870457669755571
sp|Q9CFZ0|SBCC_LACLA Nuclease SbcCD subunit C OS=Lactococcus lactis subsp. lactis (strain IL1403) OX=272623 GN=sbcC PE=3 SV=1,0.38226303003740936
sp|Q9FKF0|RTL3_ARATH Ribonuclease 3-like protein 3 OS=Arabidopsis thaliana OX=3702 GN=RTL3 PE=2 SV=1,0.5518249556291468
sp|Q9KM67|SBCC_VIBCH Nuclease SbcCD subunit C OS=Vibrio cholerae serotype O1 (strain ATCC 39315 / El Tor Inaba N16961) OX=243277 GN=sbcC PE=3 SV=1,0.42529258132375375
sp|Q9KNY1|RNR_VIBCH Ribonuclease R OS=Vibrio cholerae serotype O1 (strain ATCC 39315 / El Tor Inaba N16961) OX=243277 GN=rnr PE=3 SV=1,0.25898275754803013
sp|Q9RT44|SBCC_DEIRA Nuclease SbcCD subunit C OS=Deinococcus radiodurans (strain ATCC 13939 / DSM 20539 / JCM 16871 / CCUG 27074 / LMG 4051 / NBRC 15346 / NCIMB 9279 / VKM B-1422 / R1) OX=243230 GN=sbcC PE=3 SV=1,0.09547596550069656
